data,id_ibge,cidade,gps,latitude,longitude,confirmado,suspeitos,obitos,populacao
2020-03-01,2304202,CRATO,"-7.2369112,-39.4149236",-7.236911200000001,-39.4149236,0,1,0,132123
2020-03-02,2304202,CRATO,"-7.2369112,-39.4149236",-7.236911200000001,-39.4149236,0,1,0,132123
2020-03-03,2304202,CRATO,"-7.2369112,-39.4149236",-7.236911200000001,-39.4149236,0,1,0,132123
2020-03-04,2304202,CRATO,"-7.2369112,-39.4149236",-7.236911200000001,-39.4149236,0,1,0,132123
2020-03-05,2304202,CRATO,"-7.2369112,-39.4149236",-7.236911200000001,-39.4149236,0,1,0,132123
2020-03-06,2304202,CRATO,"-7.2369112,-39.4149236",-7.236911200000001,-39.4149236,0,1,0,132123
2020-03-07,2304202,CRATO,"-7.2369112,-39.4149236",-7.236911200000001,-39.4149236,0,1,0,132123
2020-03-07,2307304,JUAZEIRO DO NORTE,"-7.2153453,-39.3153336",-7.215345299999999,-39.3153336,0,2,0,274207
2020-03-08,2304202,CRATO,"-7.2369112,-39.4149236",-7.236911200000001,-39.4149236,0,1,0,132123
2020-03-08,2307304,JUAZEIRO DO NORTE,"-7.2153453,-39.3153336",-7.215345299999999,-39.3153336,0,2,0,274207
2020-03-09,2304202,CRATO,"-7.2369112,-39.4149236",-7.236911200000001,-39.4149236,0,3,0,132123
2020-03-09,2307304,JUAZEIRO DO NORTE,"-7.2153453,-39.3153336",-7.215345299999999,-39.3153336,0,2,0,274207
2020-03-10,2304202,CRATO,"-7.2369112,-39.4149236",-7.236911200000001,-39.4149236,0,4,0,132123
2020-03-10,2307304,JUAZEIRO DO NORTE,"-7.2153453,-39.3153336",-7.215345299999999,-39.3153336,0,3,0,274207
2020-03-11,2304202,CRATO,"-7.2369112,-39.4149236",-7.236911200000001,-39.4149236,0,4,0,132123
2020-03-11,2307304,JUAZEIRO DO NORTE,"-7.2153453,-39.3153336",-7.215345299999999,-39.3153336,0,3,0,274207
2020-03-12,2304202,CRATO,"-7.2369112,-39.4149236",-7.236911200000001,-39.4149236,0,4,0,132123
2020-03-12,2307304,JUAZEIRO DO NORTE,"-7.2153453,-39.3153336",-7.215345299999999,-39.3153336,0,3,0,274207
2020-03-13,2304202,CRATO,"-7.2369112,-39.4149236",-7.236911200000001,-39.4149236,0,4,0,132123
2020-03-13,2307304,JUAZEIRO DO NORTE,"-7.2153453,-39.3153336",-7.215345299999999,-39.3153336,1,3,0,274207
2020-03-14,2304202,CRATO,"-7.2369112,-39.4149236",-7.236911200000001,-39.4149236,0,5,0,132123
2020-03-14,2307304,JUAZEIRO DO NORTE,"-7.2153453,-39.3153336",-7.215345299999999,-39.3153336,1,3,0,274207
2020-03-15,2304202,CRATO,"-7.2369112,-39.4149236",-7.236911200000001,-39.4149236,0,5,0,132123
2020-03-15,2307304,JUAZEIRO DO NORTE,"-7.2153453,-39.3153336",-7.215345299999999,-39.3153336,1,3,0,274207
2020-03-16,2302701,CAMPOS SALES,"-7.0742675,-40.3740367",-7.0742675,-40.374036700000005,0,1,0,27426
2020-03-16,2304202,CRATO,"-7.2369112,-39.4149236",-7.236911200000001,-39.4149236,0,5,0,132123
2020-03-16,2307304,JUAZEIRO DO NORTE,"-7.2153453,-39.3153336",-7.215345299999999,-39.3153336,1,8,0,274207
2020-03-17,2302701,CAMPOS SALES,"-7.0742675,-40.3740367",-7.0742675,-40.374036700000005,0,1,0,27426
2020-03-17,2304202,CRATO,"-7.2369112,-39.4149236",-7.236911200000001,-39.4149236,0,5,0,132123
2020-03-17,2307304,JUAZEIRO DO NORTE,"-7.2153453,-39.3153336",-7.215345299999999,-39.3153336,2,9,0,274207
2020-03-18,2301901,BARBALHA,"-7.3121067,-39.3036427",-7.312106699999999,-39.303642700000005,0,1,0,59732
2020-03-18,2302701,CAMPOS SALES,"-7.0742675,-40.3740367",-7.0742675,-40.374036700000005,0,2,0,27426
2020-03-18,2304202,CRATO,"-7.2369112,-39.4149236",-7.236911200000001,-39.4149236,0,5,0,132123
2020-03-18,2307304,JUAZEIRO DO NORTE,"-7.2153453,-39.3153336",-7.215345299999999,-39.3153336,2,11,0,274207
2020-03-18,2308104,MAURITI,"-7.3870095,-38.7737751",-7.3870095000000005,-38.7737751,1,0,0,47962
2020-03-19,2301703,AURORA,"-6.9426019,-38.9693765",-6.9426019,-38.9693765,0,1,0,24654
2020-03-19,2301901,BARBALHA,"-7.3121067,-39.3036427",-7.312106699999999,-39.303642700000005,0,1,0,59732
2020-03-19,2302701,CAMPOS SALES,"-7.0742675,-40.3740367",-7.0742675,-40.374036700000005,0,2,0,27426
2020-03-19,2304202,CRATO,"-7.2369112,-39.4149236",-7.236911200000001,-39.4149236,0,6,0,132123
2020-03-19,2307304,JUAZEIRO DO NORTE,"-7.2153453,-39.3153336",-7.215345299999999,-39.3153336,3,13,0,274207
2020-03-19,2308104,MAURITI,"-7.3870095,-38.7737751",-7.3870095000000005,-38.7737751,1,0,0,47962
2020-03-20,2301703,AURORA,"-6.9426019,-38.9693765",-6.9426019,-38.9693765,0,1,0,24654
2020-03-20,2301901,BARBALHA,"-7.3121067,-39.3036427",-7.312106699999999,-39.303642700000005,0,1,0,59732
2020-03-20,2302503,BREJO SANTO,"-7.4909841,-38.9859152",-7.4909841,-38.9859152,0,1,0,49477
2020-03-20,2302701,CAMPOS SALES,"-7.0742675,-40.3740367",-7.0742675,-40.374036700000005,0,2,0,27426
2020-03-20,2304202,CRATO,"-7.2369112,-39.4149236",-7.236911200000001,-39.4149236,0,8,0,132123
2020-03-20,2307304,JUAZEIRO DO NORTE,"-7.2153453,-39.3153336",-7.215345299999999,-39.3153336,3,14,0,274207
2020-03-20,2308104,MAURITI,"-7.3870095,-38.7737751",-7.3870095000000005,-38.7737751,1,0,0,47962
2020-03-21,2301703,AURORA,"-6.9426019,-38.9693765",-6.9426019,-38.9693765,0,1,0,24654
2020-03-21,2301901,BARBALHA,"-7.3121067,-39.3036427",-7.312106699999999,-39.303642700000005,0,1,0,59732
2020-03-21,2302503,BREJO SANTO,"-7.4909841,-38.9859152",-7.4909841,-38.9859152,0,1,0,49477
2020-03-21,2302701,CAMPOS SALES,"-7.0742675,-40.3740367",-7.0742675,-40.374036700000005,0,2,0,27426
2020-03-21,2304202,CRATO,"-7.2369112,-39.4149236",-7.236911200000001,-39.4149236,0,9,0,132123
2020-03-21,2307304,JUAZEIRO DO NORTE,"-7.2153453,-39.3153336",-7.215345299999999,-39.3153336,3,14,0,274207
2020-03-21,2308104,MAURITI,"-7.3870095,-38.7737751",-7.3870095000000005,-38.7737751,1,0,0,47962
2020-03-21,2308401,MISSAO VELHA,"-7.248491,-39.1434843",-7.2484910000000005,-39.1434843,0,1,0,36442
2020-03-22,2301703,AURORA,"-6.9426019,-38.9693765",-6.9426019,-38.9693765,0,1,0,24654
2020-03-22,2301901,BARBALHA,"-7.3121067,-39.3036427",-7.312106699999999,-39.303642700000005,0,1,0,59732
2020-03-22,2302503,BREJO SANTO,"-7.4909841,-38.9859152",-7.4909841,-38.9859152,0,1,0,49477
2020-03-22,2302701,CAMPOS SALES,"-7.0742675,-40.3740367",-7.0742675,-40.374036700000005,0,2,0,27426
2020-03-22,2304202,CRATO,"-7.2369112,-39.4149236",-7.236911200000001,-39.4149236,0,9,0,132123
2020-03-22,2307304,JUAZEIRO DO NORTE,"-7.2153453,-39.3153336",-7.215345299999999,-39.3153336,3,14,0,274207
2020-03-22,2308104,MAURITI,"-7.3870095,-38.7737751",-7.3870095000000005,-38.7737751,1,0,0,47962
2020-03-22,2308401,MISSAO VELHA,"-7.248491,-39.1434843",-7.2484910000000005,-39.1434843,0,1,0,36442
2020-03-23,2301703,AURORA,"-6.9426019,-38.9693765",-6.9426019,-38.9693765,0,1,0,24654
2020-03-23,2301901,BARBALHA,"-7.3121067,-39.3036427",-7.312106699999999,-39.303642700000005,0,1,0,59732
2020-03-23,2302503,BREJO SANTO,"-7.4909841,-38.9859152",-7.4909841,-38.9859152,0,2,0,49477
2020-03-23,2302701,CAMPOS SALES,"-7.0742675,-40.3740367",-7.0742675,-40.374036700000005,0,2,0,27426
2020-03-23,2304202,CRATO,"-7.2369112,-39.4149236",-7.236911200000001,-39.4149236,1,12,0,132123
2020-03-23,2304301,FARIAS BRITO,"-6.9272823,-39.5714222",-6.927282300000001,-39.5714222,0,1,0,19450
2020-03-23,2307304,JUAZEIRO DO NORTE,"-7.2153453,-39.3153336",-7.215345299999999,-39.3153336,3,14,0,274207
2020-03-23,2308104,MAURITI,"-7.3870095,-38.7737751",-7.3870095000000005,-38.7737751,1,0,0,47962
2020-03-23,2308401,MISSAO VELHA,"-7.248491,-39.1434843",-7.2484910000000005,-39.1434843,0,1,0,36442
2020-03-23,2313252,TARRAFAS,"-6.6819901,-39.7575709",-6.6819901,-39.7575709,0,1,0,8592
2020-03-24,2301604,ASSARE,"-6.8746791,-39.8741385",-6.8746791,-39.8741385,0,1,0,23417
2020-03-24,2301703,AURORA,"-6.9426019,-38.9693765",-6.9426019,-38.9693765,0,1,0,24654
2020-03-24,2301901,BARBALHA,"-7.3121067,-39.3036427",-7.312106699999999,-39.303642700000005,0,1,0,59732
2020-03-24,2302503,BREJO SANTO,"-7.4909841,-38.9859152",-7.4909841,-38.9859152,0,3,0,49477
2020-03-24,2302701,CAMPOS SALES,"-7.0742675,-40.3740367",-7.0742675,-40.374036700000005,0,2,0,27426
2020-03-24,2304202,CRATO,"-7.2369112,-39.4149236",-7.236911200000001,-39.4149236,1,16,0,132123
2020-03-24,2304301,FARIAS BRITO,"-6.9272823,-39.5714222",-6.927282300000001,-39.5714222,0,1,0,19450
2020-03-24,2307304,JUAZEIRO DO NORTE,"-7.2153453,-39.3153336",-7.215345299999999,-39.3153336,3,19,0,274207
2020-03-24,2308104,MAURITI,"-7.3870095,-38.7737751",-7.3870095000000005,-38.7737751,1,0,0,47962
2020-03-24,2308401,MISSAO VELHA,"-7.248491,-39.1434843",-7.2484910000000005,-39.1434843,0,2,0,36442
2020-03-24,2313252,TARRAFAS,"-6.6819901,-39.7575709",-6.6819901,-39.7575709,0,1,0,8592
2020-03-25,2301604,ASSARE,"-6.8746791,-39.8741385",-6.8746791,-39.8741385,0,1,0,23417
2020-03-25,2301703,AURORA,"-6.9426019,-38.9693765",-6.9426019,-38.9693765,0,1,0,24654
2020-03-25,2301901,BARBALHA,"-7.3121067,-39.3036427",-7.312106699999999,-39.303642700000005,0,1,0,59732
2020-03-25,2302503,BREJO SANTO,"-7.4909841,-38.9859152",-7.4909841,-38.9859152,0,3,0,49477
2020-03-25,2302701,CAMPOS SALES,"-7.0742675,-40.3740367",-7.0742675,-40.374036700000005,0,2,0,27426
2020-03-25,2303204,CARIRIACU,"-7.0417053,-39.2835527",-7.0417053,-39.2835527,0,1,0,26965
2020-03-25,2304202,CRATO,"-7.2369112,-39.4149236",-7.236911200000001,-39.4149236,1,21,0,132123
2020-03-25,2304301,FARIAS BRITO,"-6.9272823,-39.5714222",-6.927282300000001,-39.5714222,0,1,0,19450
2020-03-25,2307106,JARDIM,"-7.5838966,-39.279713",-7.5838966,-39.279713,0,1,0,27174
2020-03-25,2307304,JUAZEIRO DO NORTE,"-7.2153453,-39.3153336",-7.215345299999999,-39.3153336,3,20,0,274207
2020-03-25,2308104,MAURITI,"-7.3870095,-38.7737751",-7.3870095000000005,-38.7737751,1,0,0,47962
2020-03-25,2308401,MISSAO VELHA,"-7.248491,-39.1434843",-7.2484910000000005,-39.1434843,0,2,0,36442
2020-03-25,2313252,TARRAFAS,"-6.6819901,-39.7575709",-6.6819901,-39.7575709,0,1,0,8592
2020-03-26,2301604,ASSARE,"-6.8746791,-39.8741385",-6.8746791,-39.8741385,0,1,0,23417
2020-03-26,2301703,AURORA,"-6.9426019,-38.9693765",-6.9426019,-38.9693765,0,1,0,24654
2020-03-26,2301901,BARBALHA,"-7.3121067,-39.3036427",-7.312106699999999,-39.303642700000005,0,2,0,59732
2020-03-26,2302503,BREJO SANTO,"-7.4909841,-38.9859152",-7.4909841,-38.9859152,0,3,0,49477
2020-03-26,2302701,CAMPOS SALES,"-7.0742675,-40.3740367",-7.0742675,-40.374036700000005,0,2,0,27426
2020-03-26,2303204,CARIRIACU,"-7.0417053,-39.2835527",-7.0417053,-39.2835527,0,1,0,26965
2020-03-26,2304202,CRATO,"-7.2369112,-39.4149236",-7.236911200000001,-39.4149236,1,22,0,132123
2020-03-26,2304301,FARIAS BRITO,"-6.9272823,-39.5714222",-6.927282300000001,-39.5714222,0,1,0,19450
2020-03-26,2307106,JARDIM,"-7.5838966,-39.279713",-7.5838966,-39.279713,0,1,0,27174
2020-03-26,2307304,JUAZEIRO DO NORTE,"-7.2153453,-39.3153336",-7.215345299999999,-39.3153336,3,22,0,274207
2020-03-26,2308104,MAURITI,"-7.3870095,-38.7737751",-7.3870095000000005,-38.7737751,1,0,0,47962
2020-03-26,2308401,MISSAO VELHA,"-7.248491,-39.1434843",-7.2484910000000005,-39.1434843,0,2,0,36442
2020-03-26,2313252,TARRAFAS,"-6.6819901,-39.7575709",-6.6819901,-39.7575709,0,1,0,8592
2020-03-26,2314003,VARZEA ALEGRE,"-6.7936089,-39.2989333",-6.793608900000001,-39.2989333,0,1,0,40721
2020-03-27,2301604,ASSARE,"-6.8746791,-39.8741385",-6.8746791,-39.8741385,0,1,0,23417
2020-03-27,2301703,AURORA,"-6.9426019,-38.9693765",-6.9426019,-38.9693765,0,2,0,24654
2020-03-27,2301901,BARBALHA,"-7.3121067,-39.3036427",-7.312106699999999,-39.303642700000005,0,6,0,59732
2020-03-27,2302008,BARRO,"-7.1713587,-38.7742136",-7.1713587,-38.7742136,0,1,0,22680
2020-03-27,2302503,BREJO SANTO,"-7.4909841,-38.9859152",-7.4909841,-38.9859152,0,3,0,49477
2020-03-27,2302701,CAMPOS SALES,"-7.0742675,-40.3740367",-7.0742675,-40.374036700000005,0,2,0,27426
2020-03-27,2303204,CARIRIACU,"-7.0417053,-39.2835527",-7.0417053,-39.2835527,0,2,0,26965
2020-03-27,2304202,CRATO,"-7.2369112,-39.4149236",-7.236911200000001,-39.4149236,1,22,0,132123
2020-03-27,2304301,FARIAS BRITO,"-6.9272823,-39.5714222",-6.927282300000001,-39.5714222,1,1,0,19450
2020-03-27,2307106,JARDIM,"-7.5838966,-39.279713",-7.5838966,-39.279713,0,1,0,27174
2020-03-27,2307304,JUAZEIRO DO NORTE,"-7.2153453,-39.3153336",-7.215345299999999,-39.3153336,3,23,0,274207
2020-03-27,2308104,MAURITI,"-7.3870095,-38.7737751",-7.3870095000000005,-38.7737751,1,0,0,47962
2020-03-27,2308401,MISSAO VELHA,"-7.248491,-39.1434843",-7.2484910000000005,-39.1434843,0,2,0,36442
2020-03-27,2311108,PORTEIRAS,"-7.5341572,-39.1153149",-7.5341572,-39.115314899999994,1,0,0,14996
2020-03-27,2313252,TARRAFAS,"-6.6819901,-39.7575709",-6.6819901,-39.7575709,0,1,0,8592
2020-03-27,2314003,VARZEA ALEGRE,"-6.7936089,-39.2989333",-6.793608900000001,-39.2989333,0,1,0,40721
2020-03-28,2301604,ASSARE,"-6.8746791,-39.8741385",-6.8746791,-39.8741385,0,1,0,23417
2020-03-28,2301703,AURORA,"-6.9426019,-38.9693765",-6.9426019,-38.9693765,0,2,0,24654
2020-03-28,2301901,BARBALHA,"-7.3121067,-39.3036427",-7.312106699999999,-39.303642700000005,0,8,0,59732
2020-03-28,2302008,BARRO,"-7.1713587,-38.7742136",-7.1713587,-38.7742136,0,1,0,22680
2020-03-28,2302503,BREJO SANTO,"-7.4909841,-38.9859152",-7.4909841,-38.9859152,0,3,0,49477
2020-03-28,2302701,CAMPOS SALES,"-7.0742675,-40.3740367",-7.0742675,-40.374036700000005,0,2,0,27426
2020-03-28,2303204,CARIRIACU,"-7.0417053,-39.2835527",-7.0417053,-39.2835527,0,2,0,26965
2020-03-28,2304202,CRATO,"-7.2369112,-39.4149236",-7.236911200000001,-39.4149236,1,22,0,132123
2020-03-28,2304301,FARIAS BRITO,"-6.9272823,-39.5714222",-6.927282300000001,-39.5714222,1,1,0,19450
2020-03-28,2307106,JARDIM,"-7.5838966,-39.279713",-7.5838966,-39.279713,0,1,0,27174
2020-03-28,2307304,JUAZEIRO DO NORTE,"-7.2153453,-39.3153336",-7.215345299999999,-39.3153336,3,23,0,274207
2020-03-28,2308104,MAURITI,"-7.3870095,-38.7737751",-7.3870095000000005,-38.7737751,1,0,0,47962
2020-03-28,2308401,MISSAO VELHA,"-7.248491,-39.1434843",-7.2484910000000005,-39.1434843,0,2,0,36442
2020-03-28,2311108,PORTEIRAS,"-7.5341572,-39.1153149",-7.5341572,-39.115314899999994,1,0,0,14996
2020-03-28,2313252,TARRAFAS,"-6.6819901,-39.7575709",-6.6819901,-39.7575709,0,1,0,8592
2020-03-28,2314003,VARZEA ALEGRE,"-6.7936089,-39.2989333",-6.793608900000001,-39.2989333,0,1,0,40721
2020-03-29,2300101,ABAIARA,"-7.3607808,-39.0487878",-7.360780800000001,-39.0487878,0,1,0,11737
2020-03-29,2301604,ASSARE,"-6.8746791,-39.8741385",-6.8746791,-39.8741385,0,1,0,23417
2020-03-29,2301703,AURORA,"-6.9426019,-38.9693765",-6.9426019,-38.9693765,0,2,0,24654
2020-03-29,2301901,BARBALHA,"-7.3121067,-39.3036427",-7.312106699999999,-39.303642700000005,0,9,0,59732
2020-03-29,2302008,BARRO,"-7.1713587,-38.7742136",-7.1713587,-38.7742136,0,1,0,22680
2020-03-29,2302503,BREJO SANTO,"-7.4909841,-38.9859152",-7.4909841,-38.9859152,0,3,0,49477
2020-03-29,2302701,CAMPOS SALES,"-7.0742675,-40.3740367",-7.0742675,-40.374036700000005,0,2,0,27426
2020-03-29,2303204,CARIRIACU,"-7.0417053,-39.2835527",-7.0417053,-39.2835527,0,3,0,26965
2020-03-29,2304202,CRATO,"-7.2369112,-39.4149236",-7.236911200000001,-39.4149236,1,22,0,132123
2020-03-29,2304301,FARIAS BRITO,"-6.9272823,-39.5714222",-6.927282300000001,-39.5714222,1,1,0,19450
2020-03-29,2307106,JARDIM,"-7.5838966,-39.279713",-7.5838966,-39.279713,0,1,0,27174
2020-03-29,2307304,JUAZEIRO DO NORTE,"-7.2153453,-39.3153336",-7.215345299999999,-39.3153336,3,25,0,274207
2020-03-29,2308104,MAURITI,"-7.3870095,-38.7737751",-7.3870095000000005,-38.7737751,1,0,0,47962
2020-03-29,2308401,MISSAO VELHA,"-7.248491,-39.1434843",-7.2484910000000005,-39.1434843,0,2,0,36442
2020-03-29,2311108,PORTEIRAS,"-7.5341572,-39.1153149",-7.5341572,-39.115314899999994,1,0,0,14996
2020-03-29,2313252,TARRAFAS,"-6.6819901,-39.7575709",-6.6819901,-39.7575709,0,1,0,8592
2020-03-29,2314003,VARZEA ALEGRE,"-6.7936089,-39.2989333",-6.793608900000001,-39.2989333,0,1,0,40721
2020-03-30,2300101,ABAIARA,"-7.3607808,-39.0487878",-7.360780800000001,-39.0487878,0,1,0,11737
2020-03-30,2301604,ASSARE,"-6.8746791,-39.8741385",-6.8746791,-39.8741385,0,1,0,23417
2020-03-30,2301703,AURORA,"-6.9426019,-38.9693765",-6.9426019,-38.9693765,0,4,0,24654
2020-03-30,2301901,BARBALHA,"-7.3121067,-39.3036427",-7.312106699999999,-39.303642700000005,0,9,0,59732
2020-03-30,2302008,BARRO,"-7.1713587,-38.7742136",-7.1713587,-38.7742136,0,1,0,22680
2020-03-30,2302503,BREJO SANTO,"-7.4909841,-38.9859152",-7.4909841,-38.9859152,0,3,0,49477
2020-03-30,2302701,CAMPOS SALES,"-7.0742675,-40.3740367",-7.0742675,-40.374036700000005,0,2,0,27426
2020-03-30,2303204,CARIRIACU,"-7.0417053,-39.2835527",-7.0417053,-39.2835527,0,3,0,26965
2020-03-30,2304202,CRATO,"-7.2369112,-39.4149236",-7.236911200000001,-39.4149236,1,22,0,132123
2020-03-30,2304301,FARIAS BRITO,"-6.9272823,-39.5714222",-6.927282300000001,-39.5714222,1,1,0,19450
2020-03-30,2307106,JARDIM,"-7.5838966,-39.279713",-7.5838966,-39.279713,0,2,0,27174
2020-03-30,2307304,JUAZEIRO DO NORTE,"-7.2153453,-39.3153336",-7.215345299999999,-39.3153336,3,28,0,274207
2020-03-30,2308104,MAURITI,"-7.3870095,-38.7737751",-7.3870095000000005,-38.7737751,1,1,0,47962
2020-03-30,2308401,MISSAO VELHA,"-7.248491,-39.1434843",-7.2484910000000005,-39.1434843,0,2,0,36442
2020-03-30,2311108,PORTEIRAS,"-7.5341572,-39.1153149",-7.5341572,-39.115314899999994,1,0,0,14996
2020-03-30,2311959,SALITRE,"-7.285445,-40.457306",-7.285444999999999,-40.457306,1,0,0,16554
2020-03-30,2313252,TARRAFAS,"-6.6819901,-39.7575709",-6.6819901,-39.7575709,0,1,0,8592
2020-03-30,2314003,VARZEA ALEGRE,"-6.7936089,-39.2989333",-6.793608900000001,-39.2989333,0,1,0,40721
2020-03-31,2300101,ABAIARA,"-7.3607808,-39.0487878",-7.360780800000001,-39.0487878,0,1,0,11737
2020-03-31,2301604,ASSARE,"-6.8746791,-39.8741385",-6.8746791,-39.8741385,0,1,0,23417
2020-03-31,2301703,AURORA,"-6.9426019,-38.9693765",-6.9426019,-38.9693765,0,5,0,24654
2020-03-31,2301901,BARBALHA,"-7.3121067,-39.3036427",-7.312106699999999,-39.303642700000005,0,17,0,59732
2020-03-31,2302008,BARRO,"-7.1713587,-38.7742136",-7.1713587,-38.7742136,0,1,0,22680
2020-03-31,2302503,BREJO SANTO,"-7.4909841,-38.9859152",-7.4909841,-38.9859152,0,3,0,49477
2020-03-31,2302701,CAMPOS SALES,"-7.0742675,-40.3740367",-7.0742675,-40.374036700000005,0,2,0,27426
2020-03-31,2303204,CARIRIACU,"-7.0417053,-39.2835527",-7.0417053,-39.2835527,0,3,0,26965
2020-03-31,2304202,CRATO,"-7.2369112,-39.4149236",-7.236911200000001,-39.4149236,2,24,0,132123
2020-03-31,2304301,FARIAS BRITO,"-6.9272823,-39.5714222",-6.927282300000001,-39.5714222,1,1,1,19450
2020-03-31,2307106,JARDIM,"-7.5838966,-39.279713",-7.5838966,-39.279713,0,2,0,27174
2020-03-31,2307304,JUAZEIRO DO NORTE,"-7.2153453,-39.3153336",-7.215345299999999,-39.3153336,3,29,0,274207
2020-03-31,2307502,LAVRAS DA MANGABEIRA,"-6.7519554,-38.9634019",-6.7519554,-38.963401899999994,1,2,0,31508
2020-03-31,2308104,MAURITI,"-7.3870095,-38.7737751",-7.3870095000000005,-38.7737751,1,1,0,47962
2020-03-31,2308401,MISSAO VELHA,"-7.248491,-39.1434843",-7.2484910000000005,-39.1434843,0,2,0,36442
2020-03-31,2311108,PORTEIRAS,"-7.5341572,-39.1153149",-7.5341572,-39.115314899999994,1,0,0,14996
2020-03-31,2311207,POTENGI,"-7.0915205,-40.0268241",-7.091520500000001,-40.026824100000006,0,1,0,11045
2020-03-31,2311959,SALITRE,"-7.285445,-40.457306",-7.285444999999999,-40.457306,1,0,0,16554
2020-03-31,2313252,TARRAFAS,"-6.6819901,-39.7575709",-6.6819901,-39.7575709,0,2,0,8592
2020-03-31,2314003,VARZEA ALEGRE,"-6.7936089,-39.2989333",-6.793608900000001,-39.2989333,0,1,0,40721
2020-04-01,2300101,ABAIARA,"-7.3607808,-39.0487878",-7.360780800000001,-39.0487878,0,1,0,11737
2020-04-01,2300606,ALTANEIRA,"-6.9980933,-39.7385742",-6.998093300000001,-39.7385742,0,1,0,7586
2020-04-01,2301307,ARARIPE,"-7.212861,-40.1359222",-7.212861,-40.1359222,1,0,0,21600
2020-04-01,2301604,ASSARE,"-6.8746791,-39.8741385",-6.8746791,-39.8741385,0,2,0,23417
2020-04-01,2301703,AURORA,"-6.9426019,-38.9693765",-6.9426019,-38.9693765,0,1,0,24654
2020-04-01,2301901,BARBALHA,"-7.3121067,-39.3036427",-7.312106699999999,-39.303642700000005,1,19,0,59732
2020-04-01,2302503,BREJO SANTO,"-7.4909841,-38.9859152",-7.4909841,-38.9859152,0,4,0,49477
2020-04-01,2302701,CAMPOS SALES,"-7.0742675,-40.3740367",-7.0742675,-40.374036700000005,0,2,0,27426
2020-04-01,2303204,CARIRIACU,"-7.0417053,-39.2835527",-7.0417053,-39.2835527,0,2,0,26965
2020-04-01,2304202,CRATO,"-7.2369112,-39.4149236",-7.236911200000001,-39.4149236,2,28,0,132123
2020-04-01,2304301,FARIAS BRITO,"-6.9272823,-39.5714222",-6.927282300000001,-39.5714222,1,1,1,19450
2020-04-01,2307106,JARDIM,"-7.5838966,-39.279713",-7.5838966,-39.279713,1,3,0,27174
2020-04-01,2307304,JUAZEIRO DO NORTE,"-7.2153453,-39.3153336",-7.215345299999999,-39.3153336,6,29,0,274207
2020-04-01,2307502,LAVRAS DA MANGABEIRA,"-6.7519554,-38.9634019",-6.7519554,-38.963401899999994,1,1,0,31508
2020-04-01,2308104,MAURITI,"-7.3870095,-38.7737751",-7.3870095000000005,-38.7737751,1,2,0,47962
2020-04-01,2308401,MISSAO VELHA,"-7.248491,-39.1434843",-7.2484910000000005,-39.1434843,0,2,0,36442
2020-04-01,2311108,PORTEIRAS,"-7.5341572,-39.1153149",-7.5341572,-39.115314899999994,2,0,0,14996
2020-04-01,2311207,POTENGI,"-7.0915205,-40.0268241",-7.091520500000001,-40.026824100000006,0,1,0,11045
2020-04-01,2311959,SALITRE,"-7.285445,-40.457306",-7.285444999999999,-40.457306,1,0,0,16554
2020-04-01,2313252,TARRAFAS,"-6.6819901,-39.7575709",-6.6819901,-39.7575709,0,2,0,8592
2020-04-02,2300101,ABAIARA,"-7.3607808,-39.0487878",-7.360780800000001,-39.0487878,0,1,0,11737
2020-04-02,2300606,ALTANEIRA,"-6.9980933,-39.7385742",-6.998093300000001,-39.7385742,0,1,0,7586
2020-04-02,2301307,ARARIPE,"-7.212861,-40.1359222",-7.212861,-40.1359222,1,0,0,21600
2020-04-02,2301604,ASSARE,"-6.8746791,-39.8741385",-6.8746791,-39.8741385,0,2,0,23417
2020-04-02,2301703,AURORA,"-6.9426019,-38.9693765",-6.9426019,-38.9693765,0,1,0,24654
2020-04-02,2301901,BARBALHA,"-7.3121067,-39.3036427",-7.312106699999999,-39.303642700000005,1,20,0,59732
2020-04-02,2302503,BREJO SANTO,"-7.4909841,-38.9859152",-7.4909841,-38.9859152,0,4,0,49477
2020-04-02,2302701,CAMPOS SALES,"-7.0742675,-40.3740367",-7.0742675,-40.374036700000005,0,2,0,27426
2020-04-02,2303204,CARIRIACU,"-7.0417053,-39.2835527",-7.0417053,-39.2835527,0,2,0,26965
2020-04-02,2304202,CRATO,"-7.2369112,-39.4149236",-7.236911200000001,-39.4149236,2,28,0,132123
2020-04-02,2304301,FARIAS BRITO,"-6.9272823,-39.5714222",-6.927282300000001,-39.5714222,1,1,1,19450
2020-04-02,2307106,JARDIM,"-7.5838966,-39.279713",-7.5838966,-39.279713,1,3,0,27174
2020-04-02,2307304,JUAZEIRO DO NORTE,"-7.2153453,-39.3153336",-7.215345299999999,-39.3153336,6,29,0,274207
2020-04-02,2307502,LAVRAS DA MANGABEIRA,"-6.7519554,-38.9634019",-6.7519554,-38.963401899999994,1,1,0,31508
2020-04-02,2308104,MAURITI,"-7.3870095,-38.7737751",-7.3870095000000005,-38.7737751,1,2,0,47962
2020-04-02,2308401,MISSAO VELHA,"-7.248491,-39.1434843",-7.2484910000000005,-39.1434843,0,2,0,36442
2020-04-02,2311108,PORTEIRAS,"-7.5341572,-39.1153149",-7.5341572,-39.115314899999994,2,0,0,14996
2020-04-02,2311207,POTENGI,"-7.0915205,-40.0268241",-7.091520500000001,-40.026824100000006,0,1,0,11045
2020-04-02,2311959,SALITRE,"-7.285445,-40.457306",-7.285444999999999,-40.457306,1,0,1,16554
2020-04-02,2313252,TARRAFAS,"-6.6819901,-39.7575709",-6.6819901,-39.7575709,0,2,0,8592
2020-04-03,2300101,ABAIARA,"-7.3607808,-39.0487878",-7.360780800000001,-39.0487878,0,1,0,11737
2020-04-03,2300606,ALTANEIRA,"-6.9980933,-39.7385742",-6.998093300000001,-39.7385742,0,1,0,7586
2020-04-03,2301307,ARARIPE,"-7.212861,-40.1359222",-7.212861,-40.1359222,1,2,0,21600
2020-04-03,2301604,ASSARE,"-6.8746791,-39.8741385",-6.8746791,-39.8741385,0,2,0,23417
2020-04-03,2301703,AURORA,"-6.9426019,-38.9693765",-6.9426019,-38.9693765,0,1,0,24654
2020-04-03,2301901,BARBALHA,"-7.3121067,-39.3036427",-7.312106699999999,-39.303642700000005,1,21,0,59732
2020-04-03,2302503,BREJO SANTO,"-7.4909841,-38.9859152",-7.4909841,-38.9859152,0,4,0,49477
2020-04-03,2302701,CAMPOS SALES,"-7.0742675,-40.3740367",-7.0742675,-40.374036700000005,0,2,0,27426
2020-04-03,2303204,CARIRIACU,"-7.0417053,-39.2835527",-7.0417053,-39.2835527,0,3,0,26965
2020-04-03,2304202,CRATO,"-7.2369112,-39.4149236",-7.236911200000001,-39.4149236,2,28,0,132123
2020-04-03,2304301,FARIAS BRITO,"-6.9272823,-39.5714222",-6.927282300000001,-39.5714222,1,1,1,19450
2020-04-03,2307106,JARDIM,"-7.5838966,-39.279713",-7.5838966,-39.279713,1,3,0,27174
2020-04-03,2307304,JUAZEIRO DO NORTE,"-7.2153453,-39.3153336",-7.215345299999999,-39.3153336,6,30,0,274207
2020-04-03,2307502,LAVRAS DA MANGABEIRA,"-6.7519554,-38.9634019",-6.7519554,-38.963401899999994,1,1,0,31508
2020-04-03,2308104,MAURITI,"-7.3870095,-38.7737751",-7.3870095000000005,-38.7737751,1,2,0,47962
2020-04-03,2308401,MISSAO VELHA,"-7.248491,-39.1434843",-7.2484910000000005,-39.1434843,0,2,0,36442
2020-04-03,2311108,PORTEIRAS,"-7.5341572,-39.1153149",-7.5341572,-39.115314899999994,2,0,0,14996
2020-04-03,2311207,POTENGI,"-7.0915205,-40.0268241",-7.091520500000001,-40.026824100000006,0,1,0,11045
2020-04-03,2311959,SALITRE,"-7.285445,-40.457306",-7.285444999999999,-40.457306,1,0,1,16554
2020-04-03,2313252,TARRAFAS,"-6.6819901,-39.7575709",-6.6819901,-39.7575709,0,2,0,8592
2020-04-03,2314003,VARZEA ALEGRE,"-6.7936089,-39.2989333",-6.793608900000001,-39.2989333,0,1,0,40721
2020-04-04,2300101,ABAIARA,"-7.3607808,-39.0487878",-7.360780800000001,-39.0487878,0,1,0,11737
2020-04-04,2300606,ALTANEIRA,"-6.9980933,-39.7385742",-6.998093300000001,-39.7385742,0,1,0,7586
2020-04-04,2301307,ARARIPE,"-7.212861,-40.1359222",-7.212861,-40.1359222,1,2,0,21600
2020-04-04,2301604,ASSARE,"-6.8746791,-39.8741385",-6.8746791,-39.8741385,0,2,0,23417
2020-04-04,2301703,AURORA,"-6.9426019,-38.9693765",-6.9426019,-38.9693765,0,1,0,24654
2020-04-04,2301901,BARBALHA,"-7.3121067,-39.3036427",-7.312106699999999,-39.303642700000005,1,22,0,59732
2020-04-04,2302503,BREJO SANTO,"-7.4909841,-38.9859152",-7.4909841,-38.9859152,0,4,0,49477
2020-04-04,2302701,CAMPOS SALES,"-7.0742675,-40.3740367",-7.0742675,-40.374036700000005,0,2,0,27426
2020-04-04,2303204,CARIRIACU,"-7.0417053,-39.2835527",-7.0417053,-39.2835527,0,3,0,26965
2020-04-04,2304202,CRATO,"-7.2369112,-39.4149236",-7.236911200000001,-39.4149236,2,30,0,132123
2020-04-04,2304301,FARIAS BRITO,"-6.9272823,-39.5714222",-6.927282300000001,-39.5714222,1,1,1,19450
2020-04-04,2307106,JARDIM,"-7.5838966,-39.279713",-7.5838966,-39.279713,1,3,0,27174
2020-04-04,2307304,JUAZEIRO DO NORTE,"-7.2153453,-39.3153336",-7.215345299999999,-39.3153336,6,31,0,274207
2020-04-04,2307502,LAVRAS DA MANGABEIRA,"-6.7519554,-38.9634019",-6.7519554,-38.963401899999994,1,1,0,31508
2020-04-04,2308104,MAURITI,"-7.3870095,-38.7737751",-7.3870095000000005,-38.7737751,1,2,0,47962
2020-04-04,2308401,MISSAO VELHA,"-7.248491,-39.1434843",-7.2484910000000005,-39.1434843,0,2,0,36442
2020-04-04,2311108,PORTEIRAS,"-7.5341572,-39.1153149",-7.5341572,-39.115314899999994,2,0,0,14996
2020-04-04,2311207,POTENGI,"-7.0915205,-40.0268241",-7.091520500000001,-40.026824100000006,0,1,0,11045
2020-04-04,2311959,SALITRE,"-7.285445,-40.457306",-7.285444999999999,-40.457306,1,0,1,16554
2020-04-04,2313252,TARRAFAS,"-6.6819901,-39.7575709",-6.6819901,-39.7575709,0,2,0,8592
2020-04-04,2314003,VARZEA ALEGRE,"-6.7936089,-39.2989333",-6.793608900000001,-39.2989333,0,1,0,40721
2020-04-05,2300101,ABAIARA,"-7.3607808,-39.0487878",-7.360780800000001,-39.0487878,0,1,0,11737
2020-04-05,2300606,ALTANEIRA,"-6.9980933,-39.7385742",-6.998093300000001,-39.7385742,0,1,0,7586
2020-04-05,2301307,ARARIPE,"-7.212861,-40.1359222",-7.212861,-40.1359222,1,2,0,21600
2020-04-05,2301604,ASSARE,"-6.8746791,-39.8741385",-6.8746791,-39.8741385,0,2,0,23417
2020-04-05,2301703,AURORA,"-6.9426019,-38.9693765",-6.9426019,-38.9693765,0,1,0,24654
2020-04-05,2301901,BARBALHA,"-7.3121067,-39.3036427",-7.312106699999999,-39.303642700000005,1,22,0,59732
2020-04-05,2302503,BREJO SANTO,"-7.4909841,-38.9859152",-7.4909841,-38.9859152,0,4,0,49477
2020-04-05,2302701,CAMPOS SALES,"-7.0742675,-40.3740367",-7.0742675,-40.374036700000005,0,2,0,27426
2020-04-05,2303204,CARIRIACU,"-7.0417053,-39.2835527",-7.0417053,-39.2835527,0,3,0,26965
2020-04-05,2304202,CRATO,"-7.2369112,-39.4149236",-7.236911200000001,-39.4149236,2,31,0,132123
2020-04-05,2304301,FARIAS BRITO,"-6.9272823,-39.5714222",-6.927282300000001,-39.5714222,1,1,1,19450
2020-04-05,2307106,JARDIM,"-7.5838966,-39.279713",-7.5838966,-39.279713,1,3,0,27174
2020-04-05,2307304,JUAZEIRO DO NORTE,"-7.2153453,-39.3153336",-7.215345299999999,-39.3153336,6,33,0,274207
2020-04-05,2307502,LAVRAS DA MANGABEIRA,"-6.7519554,-38.9634019",-6.7519554,-38.963401899999994,1,1,0,31508
2020-04-05,2308104,MAURITI,"-7.3870095,-38.7737751",-7.3870095000000005,-38.7737751,1,2,0,47962
2020-04-05,2308401,MISSAO VELHA,"-7.248491,-39.1434843",-7.2484910000000005,-39.1434843,0,2,0,36442
2020-04-05,2311108,PORTEIRAS,"-7.5341572,-39.1153149",-7.5341572,-39.115314899999994,2,0,0,14996
2020-04-05,2311207,POTENGI,"-7.0915205,-40.0268241",-7.091520500000001,-40.026824100000006,0,1,0,11045
2020-04-05,2311959,SALITRE,"-7.285445,-40.457306",-7.285444999999999,-40.457306,1,0,1,16554
2020-04-05,2313252,TARRAFAS,"-6.6819901,-39.7575709",-6.6819901,-39.7575709,0,2,0,8592
2020-04-05,2314003,VARZEA ALEGRE,"-6.7936089,-39.2989333",-6.793608900000001,-39.2989333,1,2,0,40721
2020-04-06,2300101,ABAIARA,"-7.3607808,-39.0487878",-7.360780800000001,-39.0487878,0,1,0,11737
2020-04-06,2300606,ALTANEIRA,"-6.9980933,-39.7385742",-6.998093300000001,-39.7385742,0,1,0,7586
2020-04-06,2301307,ARARIPE,"-7.212861,-40.1359222",-7.212861,-40.1359222,1,2,0,21600
2020-04-06,2301604,ASSARE,"-6.8746791,-39.8741385",-6.8746791,-39.8741385,0,2,0,23417
2020-04-06,2301703,AURORA,"-6.9426019,-38.9693765",-6.9426019,-38.9693765,0,2,0,24654
2020-04-06,2301901,BARBALHA,"-7.3121067,-39.3036427",-7.312106699999999,-39.303642700000005,1,23,0,59732
2020-04-06,2302503,BREJO SANTO,"-7.4909841,-38.9859152",-7.4909841,-38.9859152,0,4,0,49477
2020-04-06,2302701,CAMPOS SALES,"-7.0742675,-40.3740367",-7.0742675,-40.374036700000005,0,2,0,27426
2020-04-06,2303204,CARIRIACU,"-7.0417053,-39.2835527",-7.0417053,-39.2835527,0,3,0,26965
2020-04-06,2304202,CRATO,"-7.2369112,-39.4149236",-7.236911200000001,-39.4149236,2,31,0,132123
2020-04-06,2304301,FARIAS BRITO,"-6.9272823,-39.5714222",-6.927282300000001,-39.5714222,1,1,1,19450
2020-04-06,2307106,JARDIM,"-7.5838966,-39.279713",-7.5838966,-39.279713,1,3,0,27174
2020-04-06,2307304,JUAZEIRO DO NORTE,"-7.2153453,-39.3153336",-7.215345299999999,-39.3153336,6,34,0,274207
2020-04-06,2307502,LAVRAS DA MANGABEIRA,"-6.7519554,-38.9634019",-6.7519554,-38.963401899999994,1,1,0,31508
2020-04-06,2308104,MAURITI,"-7.3870095,-38.7737751",-7.3870095000000005,-38.7737751,1,2,0,47962
2020-04-06,2308401,MISSAO VELHA,"-7.248491,-39.1434843",-7.2484910000000005,-39.1434843,0,2,0,36442
2020-04-06,2311108,PORTEIRAS,"-7.5341572,-39.1153149",-7.5341572,-39.115314899999994,2,0,0,14996
2020-04-06,2311207,POTENGI,"-7.0915205,-40.0268241",-7.091520500000001,-40.026824100000006,0,1,0,11045
2020-04-06,2311959,SALITRE,"-7.285445,-40.457306",-7.285444999999999,-40.457306,1,0,1,16554
2020-04-06,2313252,TARRAFAS,"-6.6819901,-39.7575709",-6.6819901,-39.7575709,0,2,0,8592
2020-04-06,2314003,VARZEA ALEGRE,"-6.7936089,-39.2989333",-6.793608900000001,-39.2989333,1,2,0,40721
2020-04-07,2300101,ABAIARA,"-7.3607808,-39.0487878",-7.360780800000001,-39.0487878,0,1,0,11737
2020-04-07,2300606,ALTANEIRA,"-6.9980933,-39.7385742",-6.998093300000001,-39.7385742,0,1,0,7586
2020-04-07,2301307,ARARIPE,"-7.212861,-40.1359222",-7.212861,-40.1359222,1,2,0,21600
2020-04-07,2301604,ASSARE,"-6.8746791,-39.8741385",-6.8746791,-39.8741385,0,2,0,23417
2020-04-07,2301703,AURORA,"-6.9426019,-38.9693765",-6.9426019,-38.9693765,0,2,0,24654
2020-04-07,2301901,BARBALHA,"-7.3121067,-39.3036427",-7.312106699999999,-39.303642700000005,1,24,0,59732
2020-04-07,2302503,BREJO SANTO,"-7.4909841,-38.9859152",-7.4909841,-38.9859152,0,4,0,49477
2020-04-07,2302701,CAMPOS SALES,"-7.0742675,-40.3740367",-7.0742675,-40.374036700000005,0,2,0,27426
2020-04-07,2303204,CARIRIACU,"-7.0417053,-39.2835527",-7.0417053,-39.2835527,0,3,0,26965
2020-04-07,2304202,CRATO,"-7.2369112,-39.4149236",-7.236911200000001,-39.4149236,2,34,0,132123
2020-04-07,2304301,FARIAS BRITO,"-6.9272823,-39.5714222",-6.927282300000001,-39.5714222,1,1,1,19450
2020-04-07,2307106,JARDIM,"-7.5838966,-39.279713",-7.5838966,-39.279713,1,3,0,27174
2020-04-07,2307304,JUAZEIRO DO NORTE,"-7.2153453,-39.3153336",-7.215345299999999,-39.3153336,7,36,0,274207
2020-04-07,2307502,LAVRAS DA MANGABEIRA,"-6.7519554,-38.9634019",-6.7519554,-38.963401899999994,1,1,0,31508
2020-04-07,2308104,MAURITI,"-7.3870095,-38.7737751",-7.3870095000000005,-38.7737751,1,2,0,47962
2020-04-07,2308302,MILAGRES,"-7.3106846,-38.9447146",-7.310684599999999,-38.9447146,0,1,0,27512
2020-04-07,2308401,MISSAO VELHA,"-7.248491,-39.1434843",-7.2484910000000005,-39.1434843,0,2,0,36442
2020-04-07,2311108,PORTEIRAS,"-7.5341572,-39.1153149",-7.5341572,-39.115314899999994,2,0,0,14996
2020-04-07,2311207,POTENGI,"-7.0915205,-40.0268241",-7.091520500000001,-40.026824100000006,0,1,0,11045
2020-04-07,2311959,SALITRE,"-7.285445,-40.457306",-7.285444999999999,-40.457306,1,0,1,16554
2020-04-07,2313252,TARRAFAS,"-6.6819901,-39.7575709",-6.6819901,-39.7575709,0,3,0,8592
2020-04-07,2314003,VARZEA ALEGRE,"-6.7936089,-39.2989333",-6.793608900000001,-39.2989333,1,2,0,40721
2020-04-08,2300101,ABAIARA,"-7.3607808,-39.0487878",-7.360780800000001,-39.0487878,0,1,0,11737
2020-04-08,2300606,ALTANEIRA,"-6.9980933,-39.7385742",-6.998093300000001,-39.7385742,0,1,0,7586
2020-04-08,2301307,ARARIPE,"-7.212861,-40.1359222",-7.212861,-40.1359222,1,3,0,21600
2020-04-08,2301604,ASSARE,"-6.8746791,-39.8741385",-6.8746791,-39.8741385,0,2,0,23417
2020-04-08,2301703,AURORA,"-6.9426019,-38.9693765",-6.9426019,-38.9693765,0,2,0,24654
2020-04-08,2301901,BARBALHA,"-7.3121067,-39.3036427",-7.312106699999999,-39.303642700000005,1,25,0,59732
2020-04-08,2302503,BREJO SANTO,"-7.4909841,-38.9859152",-7.4909841,-38.9859152,0,4,0,49477
2020-04-08,2302701,CAMPOS SALES,"-7.0742675,-40.3740367",-7.0742675,-40.374036700000005,0,2,0,27426
2020-04-08,2303204,CARIRIACU,"-7.0417053,-39.2835527",-7.0417053,-39.2835527,0,3,0,26965
2020-04-08,2304202,CRATO,"-7.2369112,-39.4149236",-7.236911200000001,-39.4149236,4,35,0,132123
2020-04-08,2304301,FARIAS BRITO,"-6.9272823,-39.5714222",-6.927282300000001,-39.5714222,1,1,1,19450
2020-04-08,2307106,JARDIM,"-7.5838966,-39.279713",-7.5838966,-39.279713,1,3,0,27174
2020-04-08,2307304,JUAZEIRO DO NORTE,"-7.2153453,-39.3153336",-7.215345299999999,-39.3153336,7,37,0,274207
2020-04-08,2307502,LAVRAS DA MANGABEIRA,"-6.7519554,-38.9634019",-6.7519554,-38.963401899999994,1,1,0,31508
2020-04-08,2308104,MAURITI,"-7.3870095,-38.7737751",-7.3870095000000005,-38.7737751,1,2,0,47962
2020-04-08,2308302,MILAGRES,"-7.3106846,-38.9447146",-7.310684599999999,-38.9447146,1,1,0,27512
2020-04-08,2308401,MISSAO VELHA,"-7.248491,-39.1434843",-7.2484910000000005,-39.1434843,0,2,0,36442
2020-04-08,2311108,PORTEIRAS,"-7.5341572,-39.1153149",-7.5341572,-39.115314899999994,2,0,0,14996
2020-04-08,2311207,POTENGI,"-7.0915205,-40.0268241",-7.091520500000001,-40.026824100000006,0,1,0,11045
2020-04-08,2311959,SALITRE,"-7.285445,-40.457306",-7.285444999999999,-40.457306,1,0,1,16554
2020-04-08,2313252,TARRAFAS,"-6.6819901,-39.7575709",-6.6819901,-39.7575709,0,3,0,8592
2020-04-08,2314003,VARZEA ALEGRE,"-6.7936089,-39.2989333",-6.793608900000001,-39.2989333,2,2,0,40721
2020-04-09,2300101,ABAIARA,"-7.3607808,-39.0487878",-7.360780800000001,-39.0487878,0,1,0,11737
2020-04-09,2300606,ALTANEIRA,"-6.9980933,-39.7385742",-6.998093300000001,-39.7385742,0,1,0,7586
2020-04-09,2301307,ARARIPE,"-7.212861,-40.1359222",-7.212861,-40.1359222,1,3,0,21600
2020-04-09,2301604,ASSARE,"-6.8746791,-39.8741385",-6.8746791,-39.8741385,0,2,0,23417
2020-04-09,2301703,AURORA,"-6.9426019,-38.9693765",-6.9426019,-38.9693765,0,2,0,24654
2020-04-09,2301901,BARBALHA,"-7.3121067,-39.3036427",-7.312106699999999,-39.303642700000005,1,25,0,59732
2020-04-09,2302503,BREJO SANTO,"-7.4909841,-38.9859152",-7.4909841,-38.9859152,0,4,0,49477
2020-04-09,2302701,CAMPOS SALES,"-7.0742675,-40.3740367",-7.0742675,-40.374036700000005,0,2,0,27426
2020-04-09,2303204,CARIRIACU,"-7.0417053,-39.2835527",-7.0417053,-39.2835527,0,3,0,26965
2020-04-09,2304202,CRATO,"-7.2369112,-39.4149236",-7.236911200000001,-39.4149236,4,35,0,132123
2020-04-09,2304301,FARIAS BRITO,"-6.9272823,-39.5714222",-6.927282300000001,-39.5714222,1,1,1,19450
2020-04-09,2304806,GRANJEIRO,"-6.8889524,-39.2179315",-6.888952400000001,-39.2179315,0,1,0,4844
2020-04-09,2307106,JARDIM,"-7.5838966,-39.279713",-7.5838966,-39.279713,1,3,0,27174
2020-04-09,2307304,JUAZEIRO DO NORTE,"-7.2153453,-39.3153336",-7.215345299999999,-39.3153336,7,39,0,274207
2020-04-09,2307502,LAVRAS DA MANGABEIRA,"-6.7519554,-38.9634019",-6.7519554,-38.963401899999994,1,1,0,31508
2020-04-09,2308104,MAURITI,"-7.3870095,-38.7737751",-7.3870095000000005,-38.7737751,2,3,0,47962
2020-04-09,2308302,MILAGRES,"-7.3106846,-38.9447146",-7.310684599999999,-38.9447146,1,1,0,27512
2020-04-09,2308401,MISSAO VELHA,"-7.248491,-39.1434843",-7.2484910000000005,-39.1434843,0,2,0,36442
2020-04-09,2311108,PORTEIRAS,"-7.5341572,-39.1153149",-7.5341572,-39.115314899999994,2,0,0,14996
2020-04-09,2311207,POTENGI,"-7.0915205,-40.0268241",-7.091520500000001,-40.026824100000006,0,1,0,11045
2020-04-09,2311959,SALITRE,"-7.285445,-40.457306",-7.285444999999999,-40.457306,1,0,1,16554
2020-04-09,2313252,TARRAFAS,"-6.6819901,-39.7575709",-6.6819901,-39.7575709,0,3,0,8592
2020-04-09,2314003,VARZEA ALEGRE,"-6.7936089,-39.2989333",-6.793608900000001,-39.2989333,3,2,0,40721
2020-04-10,2300101,ABAIARA,"-7.3607808,-39.0487878",-7.360780800000001,-39.0487878,0,1,0,11737
2020-04-10,2300606,ALTANEIRA,"-6.9980933,-39.7385742",-6.998093300000001,-39.7385742,0,1,0,7586
2020-04-10,2301307,ARARIPE,"-7.212861,-40.1359222",-7.212861,-40.1359222,1,3,0,21600
2020-04-10,2301604,ASSARE,"-6.8746791,-39.8741385",-6.8746791,-39.8741385,0,2,0,23417
2020-04-10,2301703,AURORA,"-6.9426019,-38.9693765",-6.9426019,-38.9693765,0,2,0,24654
2020-04-10,2301901,BARBALHA,"-7.3121067,-39.3036427",-7.312106699999999,-39.303642700000005,2,26,0,59732
2020-04-10,2302503,BREJO SANTO,"-7.4909841,-38.9859152",-7.4909841,-38.9859152,0,4,0,49477
2020-04-10,2302701,CAMPOS SALES,"-7.0742675,-40.3740367",-7.0742675,-40.374036700000005,0,3,0,27426
2020-04-10,2303204,CARIRIACU,"-7.0417053,-39.2835527",-7.0417053,-39.2835527,0,3,0,26965
2020-04-10,2304202,CRATO,"-7.2369112,-39.4149236",-7.236911200000001,-39.4149236,4,35,0,132123
2020-04-10,2304301,FARIAS BRITO,"-6.9272823,-39.5714222",-6.927282300000001,-39.5714222,1,1,1,19450
2020-04-10,2304806,GRANJEIRO,"-6.8889524,-39.2179315",-6.888952400000001,-39.2179315,0,1,0,4844
2020-04-10,2307106,JARDIM,"-7.5838966,-39.279713",-7.5838966,-39.279713,1,3,0,27174
2020-04-10,2307304,JUAZEIRO DO NORTE,"-7.2153453,-39.3153336",-7.215345299999999,-39.3153336,7,41,0,274207
2020-04-10,2307502,LAVRAS DA MANGABEIRA,"-6.7519554,-38.9634019",-6.7519554,-38.963401899999994,1,1,0,31508
2020-04-10,2308104,MAURITI,"-7.3870095,-38.7737751",-7.3870095000000005,-38.7737751,2,4,0,47962
2020-04-10,2308302,MILAGRES,"-7.3106846,-38.9447146",-7.310684599999999,-38.9447146,1,1,0,27512
2020-04-10,2308401,MISSAO VELHA,"-7.248491,-39.1434843",-7.2484910000000005,-39.1434843,0,2,0,36442
2020-04-10,2309201,NOVA OLINDA,"-7.0934174,-39.6789815",-7.0934174,-39.6789815,0,1,0,15565
2020-04-10,2311108,PORTEIRAS,"-7.5341572,-39.1153149",-7.5341572,-39.115314899999994,2,0,0,14996
2020-04-10,2311207,POTENGI,"-7.0915205,-40.0268241",-7.091520500000001,-40.026824100000006,0,1,0,11045
2020-04-10,2311959,SALITRE,"-7.285445,-40.457306",-7.285444999999999,-40.457306,1,1,1,16554
2020-04-10,2313252,TARRAFAS,"-6.6819901,-39.7575709",-6.6819901,-39.7575709,0,3,0,8592
2020-04-10,2314003,VARZEA ALEGRE,"-6.7936089,-39.2989333",-6.793608900000001,-39.2989333,3,2,0,40721
2020-04-11,2300101,ABAIARA,"-7.3607808,-39.0487878",-7.360780800000001,-39.0487878,0,1,0,11737
2020-04-11,2300606,ALTANEIRA,"-6.9980933,-39.7385742",-6.998093300000001,-39.7385742,0,1,0,7586
2020-04-11,2301307,ARARIPE,"-7.212861,-40.1359222",-7.212861,-40.1359222,1,3,0,21600
2020-04-11,2301604,ASSARE,"-6.8746791,-39.8741385",-6.8746791,-39.8741385,0,2,0,23417
2020-04-11,2301703,AURORA,"-6.9426019,-38.9693765",-6.9426019,-38.9693765,0,2,0,24654
2020-04-11,2301901,BARBALHA,"-7.3121067,-39.3036427",-7.312106699999999,-39.303642700000005,2,26,0,59732
2020-04-11,2302503,BREJO SANTO,"-7.4909841,-38.9859152",-7.4909841,-38.9859152,0,4,0,49477
2020-04-11,2302701,CAMPOS SALES,"-7.0742675,-40.3740367",-7.0742675,-40.374036700000005,0,6,0,27426
2020-04-11,2303204,CARIRIACU,"-7.0417053,-39.2835527",-7.0417053,-39.2835527,0,3,0,26965
2020-04-11,2304202,CRATO,"-7.2369112,-39.4149236",-7.236911200000001,-39.4149236,4,35,0,132123
2020-04-11,2304301,FARIAS BRITO,"-6.9272823,-39.5714222",-6.927282300000001,-39.5714222,1,1,1,19450
2020-04-11,2304806,GRANJEIRO,"-6.8889524,-39.2179315",-6.888952400000001,-39.2179315,0,1,0,4844
2020-04-11,2307106,JARDIM,"-7.5838966,-39.279713",-7.5838966,-39.279713,1,3,0,27174
2020-04-11,2307304,JUAZEIRO DO NORTE,"-7.2153453,-39.3153336",-7.215345299999999,-39.3153336,7,42,0,274207
2020-04-11,2307502,LAVRAS DA MANGABEIRA,"-6.7519554,-38.9634019",-6.7519554,-38.963401899999994,1,1,0,31508
2020-04-11,2308104,MAURITI,"-7.3870095,-38.7737751",-7.3870095000000005,-38.7737751,2,7,0,47962
2020-04-11,2308302,MILAGRES,"-7.3106846,-38.9447146",-7.310684599999999,-38.9447146,1,1,0,27512
2020-04-11,2308401,MISSAO VELHA,"-7.248491,-39.1434843",-7.2484910000000005,-39.1434843,0,2,0,36442
2020-04-11,2309201,NOVA OLINDA,"-7.0934174,-39.6789815",-7.0934174,-39.6789815,0,1,0,15565
2020-04-11,2311108,PORTEIRAS,"-7.5341572,-39.1153149",-7.5341572,-39.115314899999994,2,0,0,14996
2020-04-11,2311207,POTENGI,"-7.0915205,-40.0268241",-7.091520500000001,-40.026824100000006,0,1,0,11045
2020-04-11,2311959,SALITRE,"-7.285445,-40.457306",-7.285444999999999,-40.457306,1,1,1,16554
2020-04-11,2313252,TARRAFAS,"-6.6819901,-39.7575709",-6.6819901,-39.7575709,0,3,0,8592
2020-04-11,2314003,VARZEA ALEGRE,"-6.7936089,-39.2989333",-6.793608900000001,-39.2989333,3,2,0,40721
2020-04-12,2300101,ABAIARA,"-7.3607808,-39.0487878",-7.360780800000001,-39.0487878,0,1,0,11737
2020-04-12,2300606,ALTANEIRA,"-6.9980933,-39.7385742",-6.998093300000001,-39.7385742,0,1,0,7586
2020-04-12,2301307,ARARIPE,"-7.212861,-40.1359222",-7.212861,-40.1359222,1,3,0,21600
2020-04-12,2301604,ASSARE,"-6.8746791,-39.8741385",-6.8746791,-39.8741385,0,2,0,23417
2020-04-12,2301703,AURORA,"-6.9426019,-38.9693765",-6.9426019,-38.9693765,0,2,0,24654
2020-04-12,2301901,BARBALHA,"-7.3121067,-39.3036427",-7.312106699999999,-39.303642700000005,2,26,0,59732
2020-04-12,2302503,BREJO SANTO,"-7.4909841,-38.9859152",-7.4909841,-38.9859152,0,4,0,49477
2020-04-12,2302701,CAMPOS SALES,"-7.0742675,-40.3740367",-7.0742675,-40.374036700000005,0,6,0,27426
2020-04-12,2303204,CARIRIACU,"-7.0417053,-39.2835527",-7.0417053,-39.2835527,0,3,0,26965
2020-04-12,2304202,CRATO,"-7.2369112,-39.4149236",-7.236911200000001,-39.4149236,4,35,0,132123
2020-04-12,2304301,FARIAS BRITO,"-6.9272823,-39.5714222",-6.927282300000001,-39.5714222,1,1,1,19450
2020-04-12,2304806,GRANJEIRO,"-6.8889524,-39.2179315",-6.888952400000001,-39.2179315,0,1,0,4844
2020-04-12,2307106,JARDIM,"-7.5838966,-39.279713",-7.5838966,-39.279713,1,3,0,27174
2020-04-12,2307304,JUAZEIRO DO NORTE,"-7.2153453,-39.3153336",-7.215345299999999,-39.3153336,7,43,0,274207
2020-04-12,2307502,LAVRAS DA MANGABEIRA,"-6.7519554,-38.9634019",-6.7519554,-38.963401899999994,1,1,0,31508
2020-04-12,2308104,MAURITI,"-7.3870095,-38.7737751",-7.3870095000000005,-38.7737751,2,7,0,47962
2020-04-12,2308302,MILAGRES,"-7.3106846,-38.9447146",-7.310684599999999,-38.9447146,1,1,0,27512
2020-04-12,2308401,MISSAO VELHA,"-7.248491,-39.1434843",-7.2484910000000005,-39.1434843,0,2,0,36442
2020-04-12,2309201,NOVA OLINDA,"-7.0934174,-39.6789815",-7.0934174,-39.6789815,0,2,0,15565
2020-04-12,2311108,PORTEIRAS,"-7.5341572,-39.1153149",-7.5341572,-39.115314899999994,2,0,0,14996
2020-04-12,2311207,POTENGI,"-7.0915205,-40.0268241",-7.091520500000001,-40.026824100000006,0,1,0,11045
2020-04-12,2311959,SALITRE,"-7.285445,-40.457306",-7.285444999999999,-40.457306,1,1,1,16554
2020-04-12,2313252,TARRAFAS,"-6.6819901,-39.7575709",-6.6819901,-39.7575709,0,3,0,8592
2020-04-12,2314003,VARZEA ALEGRE,"-6.7936089,-39.2989333",-6.793608900000001,-39.2989333,3,2,0,40721
2020-04-13,2300101,ABAIARA,"-7.3607808,-39.0487878",-7.360780800000001,-39.0487878,0,1,0,11737
2020-04-13,2300606,ALTANEIRA,"-6.9980933,-39.7385742",-6.998093300000001,-39.7385742,0,1,0,7586
2020-04-13,2301307,ARARIPE,"-7.212861,-40.1359222",-7.212861,-40.1359222,1,3,0,21600
2020-04-13,2301604,ASSARE,"-6.8746791,-39.8741385",-6.8746791,-39.8741385,0,2,0,23417
2020-04-13,2301703,AURORA,"-6.9426019,-38.9693765",-6.9426019,-38.9693765,0,2,0,24654
2020-04-13,2301901,BARBALHA,"-7.3121067,-39.3036427",-7.312106699999999,-39.303642700000005,2,29,0,59732
2020-04-13,2302503,BREJO SANTO,"-7.4909841,-38.9859152",-7.4909841,-38.9859152,0,4,0,49477
2020-04-13,2302701,CAMPOS SALES,"-7.0742675,-40.3740367",-7.0742675,-40.374036700000005,0,6,0,27426
2020-04-13,2303204,CARIRIACU,"-7.0417053,-39.2835527",-7.0417053,-39.2835527,0,3,0,26965
2020-04-13,2304202,CRATO,"-7.2369112,-39.4149236",-7.236911200000001,-39.4149236,4,35,0,132123
2020-04-13,2304301,FARIAS BRITO,"-6.9272823,-39.5714222",-6.927282300000001,-39.5714222,1,1,1,19450
2020-04-13,2304806,GRANJEIRO,"-6.8889524,-39.2179315",-6.888952400000001,-39.2179315,0,1,0,4844
2020-04-13,2307106,JARDIM,"-7.5838966,-39.279713",-7.5838966,-39.279713,1,3,0,27174
2020-04-13,2307304,JUAZEIRO DO NORTE,"-7.2153453,-39.3153336",-7.215345299999999,-39.3153336,8,45,0,274207
2020-04-13,2307502,LAVRAS DA MANGABEIRA,"-6.7519554,-38.9634019",-6.7519554,-38.963401899999994,1,1,0,31508
2020-04-13,2308104,MAURITI,"-7.3870095,-38.7737751",-7.3870095000000005,-38.7737751,2,7,0,47962
2020-04-13,2308302,MILAGRES,"-7.3106846,-38.9447146",-7.310684599999999,-38.9447146,1,1,0,27512
2020-04-13,2308401,MISSAO VELHA,"-7.248491,-39.1434843",-7.2484910000000005,-39.1434843,0,2,0,36442
2020-04-13,2309201,NOVA OLINDA,"-7.0934174,-39.6789815",-7.0934174,-39.6789815,0,2,0,15565
2020-04-13,2311108,PORTEIRAS,"-7.5341572,-39.1153149",-7.5341572,-39.115314899999994,2,0,0,14996
2020-04-13,2311207,POTENGI,"-7.0915205,-40.0268241",-7.091520500000001,-40.026824100000006,0,1,0,11045
2020-04-13,2311959,SALITRE,"-7.285445,-40.457306",-7.285444999999999,-40.457306,1,1,1,16554
2020-04-13,2313252,TARRAFAS,"-6.6819901,-39.7575709",-6.6819901,-39.7575709,0,3,0,8592
2020-04-13,2314003,VARZEA ALEGRE,"-6.7936089,-39.2989333",-6.793608900000001,-39.2989333,3,2,0,40721
2020-04-14,2300101,ABAIARA,"-7.3607808,-39.0487878",-7.360780800000001,-39.0487878,0,1,0,11737
2020-04-14,2300606,ALTANEIRA,"-6.9980933,-39.7385742",-6.998093300000001,-39.7385742,0,1,0,7586
2020-04-14,2301307,ARARIPE,"-7.212861,-40.1359222",-7.212861,-40.1359222,1,3,0,21600
2020-04-14,2301604,ASSARE,"-6.8746791,-39.8741385",-6.8746791,-39.8741385,0,2,0,23417
2020-04-14,2301703,AURORA,"-6.9426019,-38.9693765",-6.9426019,-38.9693765,0,2,0,24654
2020-04-14,2301901,BARBALHA,"-7.3121067,-39.3036427",-7.312106699999999,-39.303642700000005,2,29,0,59732
2020-04-14,2302503,BREJO SANTO,"-7.4909841,-38.9859152",-7.4909841,-38.9859152,0,4,0,49477
2020-04-14,2302701,CAMPOS SALES,"-7.0742675,-40.3740367",-7.0742675,-40.374036700000005,0,6,0,27426
2020-04-14,2303204,CARIRIACU,"-7.0417053,-39.2835527",-7.0417053,-39.2835527,0,3,0,26965
2020-04-14,2304202,CRATO,"-7.2369112,-39.4149236",-7.236911200000001,-39.4149236,4,35,0,132123
2020-04-14,2304301,FARIAS BRITO,"-6.9272823,-39.5714222",-6.927282300000001,-39.5714222,1,1,1,19450
2020-04-14,2304806,GRANJEIRO,"-6.8889524,-39.2179315",-6.888952400000001,-39.2179315,0,1,0,4844
2020-04-14,2307106,JARDIM,"-7.5838966,-39.279713",-7.5838966,-39.279713,1,3,0,27174
2020-04-14,2307304,JUAZEIRO DO NORTE,"-7.2153453,-39.3153336",-7.215345299999999,-39.3153336,8,45,0,274207
2020-04-14,2307502,LAVRAS DA MANGABEIRA,"-6.7519554,-38.9634019",-6.7519554,-38.963401899999994,1,1,0,31508
2020-04-14,2308104,MAURITI,"-7.3870095,-38.7737751",-7.3870095000000005,-38.7737751,2,7,0,47962
2020-04-14,2308302,MILAGRES,"-7.3106846,-38.9447146",-7.310684599999999,-38.9447146,1,1,0,27512
2020-04-14,2308401,MISSAO VELHA,"-7.248491,-39.1434843",-7.2484910000000005,-39.1434843,0,2,0,36442
2020-04-14,2309201,NOVA OLINDA,"-7.0934174,-39.6789815",-7.0934174,-39.6789815,0,2,0,15565
2020-04-14,2311108,PORTEIRAS,"-7.5341572,-39.1153149",-7.5341572,-39.115314899999994,2,0,0,14996
2020-04-14,2311207,POTENGI,"-7.0915205,-40.0268241",-7.091520500000001,-40.026824100000006,0,1,0,11045
2020-04-14,2311959,SALITRE,"-7.285445,-40.457306",-7.285444999999999,-40.457306,1,1,1,16554
2020-04-14,2313252,TARRAFAS,"-6.6819901,-39.7575709",-6.6819901,-39.7575709,0,3,0,8592
2020-04-14,2314003,VARZEA ALEGRE,"-6.7936089,-39.2989333",-6.793608900000001,-39.2989333,3,2,0,40721
2020-04-15,2300101,ABAIARA,"-7.3607808,-39.0487878",-7.360780800000001,-39.0487878,0,1,0,11737
2020-04-15,2300606,ALTANEIRA,"-6.9980933,-39.7385742",-6.998093300000001,-39.7385742,0,1,0,7586
2020-04-15,2301307,ARARIPE,"-7.212861,-40.1359222",-7.212861,-40.1359222,1,3,0,21600
2020-04-15,2301604,ASSARE,"-6.8746791,-39.8741385",-6.8746791,-39.8741385,0,2,0,23417
2020-04-15,2301703,AURORA,"-6.9426019,-38.9693765",-6.9426019,-38.9693765,0,2,0,24654
2020-04-15,2301901,BARBALHA,"-7.3121067,-39.3036427",-7.312106699999999,-39.303642700000005,2,33,0,59732
2020-04-15,2302503,BREJO SANTO,"-7.4909841,-38.9859152",-7.4909841,-38.9859152,0,4,0,49477
2020-04-15,2302701,CAMPOS SALES,"-7.0742675,-40.3740367",-7.0742675,-40.374036700000005,0,6,0,27426
2020-04-15,2303204,CARIRIACU,"-7.0417053,-39.2835527",-7.0417053,-39.2835527,0,3,0,26965
2020-04-15,2304202,CRATO,"-7.2369112,-39.4149236",-7.236911200000001,-39.4149236,4,35,0,132123
2020-04-15,2304301,FARIAS BRITO,"-6.9272823,-39.5714222",-6.927282300000001,-39.5714222,1,1,1,19450
2020-04-15,2304806,GRANJEIRO,"-6.8889524,-39.2179315",-6.888952400000001,-39.2179315,0,1,0,4844
2020-04-15,2307106,JARDIM,"-7.5838966,-39.279713",-7.5838966,-39.279713,1,3,0,27174
2020-04-15,2307304,JUAZEIRO DO NORTE,"-7.2153453,-39.3153336",-7.215345299999999,-39.3153336,8,45,0,274207
2020-04-15,2307502,LAVRAS DA MANGABEIRA,"-6.7519554,-38.9634019",-6.7519554,-38.963401899999994,1,1,0,31508
2020-04-15,2308104,MAURITI,"-7.3870095,-38.7737751",-7.3870095000000005,-38.7737751,2,7,0,47962
2020-04-15,2308302,MILAGRES,"-7.3106846,-38.9447146",-7.310684599999999,-38.9447146,1,1,0,27512
2020-04-15,2308401,MISSAO VELHA,"-7.248491,-39.1434843",-7.2484910000000005,-39.1434843,0,2,0,36442
2020-04-15,2309201,NOVA OLINDA,"-7.0934174,-39.6789815",-7.0934174,-39.6789815,0,2,0,15565
2020-04-15,2311108,PORTEIRAS,"-7.5341572,-39.1153149",-7.5341572,-39.115314899999994,2,0,0,14996
2020-04-15,2311207,POTENGI,"-7.0915205,-40.0268241",-7.091520500000001,-40.026824100000006,0,1,0,11045
2020-04-15,2311959,SALITRE,"-7.285445,-40.457306",-7.285444999999999,-40.457306,1,1,1,16554
2020-04-15,2313252,TARRAFAS,"-6.6819901,-39.7575709",-6.6819901,-39.7575709,0,3,0,8592
2020-04-15,2314003,VARZEA ALEGRE,"-6.7936089,-39.2989333",-6.793608900000001,-39.2989333,3,3,0,40721
2020-04-16,2300101,ABAIARA,"-7.3607808,-39.0487878",-7.360780800000001,-39.0487878,0,1,0,11737
2020-04-16,2300606,ALTANEIRA,"-6.9980933,-39.7385742",-6.998093300000001,-39.7385742,0,1,0,7586
2020-04-16,2301307,ARARIPE,"-7.212861,-40.1359222",-7.212861,-40.1359222,1,3,0,21600
2020-04-16,2301604,ASSARE,"-6.8746791,-39.8741385",-6.8746791,-39.8741385,0,2,0,23417
2020-04-16,2301703,AURORA,"-6.9426019,-38.9693765",-6.9426019,-38.9693765,0,2,0,24654
2020-04-16,2301901,BARBALHA,"-7.3121067,-39.3036427",-7.312106699999999,-39.303642700000005,2,36,0,59732
2020-04-16,2302503,BREJO SANTO,"-7.4909841,-38.9859152",-7.4909841,-38.9859152,0,4,0,49477
2020-04-16,2302701,CAMPOS SALES,"-7.0742675,-40.3740367",-7.0742675,-40.374036700000005,0,6,0,27426
2020-04-16,2303204,CARIRIACU,"-7.0417053,-39.2835527",-7.0417053,-39.2835527,0,3,0,26965
2020-04-16,2304202,CRATO,"-7.2369112,-39.4149236",-7.236911200000001,-39.4149236,4,39,0,132123
2020-04-16,2304301,FARIAS BRITO,"-6.9272823,-39.5714222",-6.927282300000001,-39.5714222,1,1,1,19450
2020-04-16,2304806,GRANJEIRO,"-6.8889524,-39.2179315",-6.888952400000001,-39.2179315,0,1,0,4844
2020-04-16,2307106,JARDIM,"-7.5838966,-39.279713",-7.5838966,-39.279713,1,3,0,27174
2020-04-16,2307304,JUAZEIRO DO NORTE,"-7.2153453,-39.3153336",-7.215345299999999,-39.3153336,8,45,0,274207
2020-04-16,2307502,LAVRAS DA MANGABEIRA,"-6.7519554,-38.9634019",-6.7519554,-38.963401899999994,1,1,0,31508
2020-04-16,2308104,MAURITI,"-7.3870095,-38.7737751",-7.3870095000000005,-38.7737751,2,7,0,47962
2020-04-16,2308302,MILAGRES,"-7.3106846,-38.9447146",-7.310684599999999,-38.9447146,1,1,0,27512
2020-04-16,2308401,MISSAO VELHA,"-7.248491,-39.1434843",-7.2484910000000005,-39.1434843,0,3,0,36442
2020-04-16,2309201,NOVA OLINDA,"-7.0934174,-39.6789815",-7.0934174,-39.6789815,0,2,0,15565
2020-04-16,2311108,PORTEIRAS,"-7.5341572,-39.1153149",-7.5341572,-39.115314899999994,2,0,0,14996
2020-04-16,2311207,POTENGI,"-7.0915205,-40.0268241",-7.091520500000001,-40.026824100000006,0,1,0,11045
2020-04-16,2311959,SALITRE,"-7.285445,-40.457306",-7.285444999999999,-40.457306,1,2,1,16554
2020-04-16,2312106,SANTANA DO CARIRI,"-7.1861693,-39.7374262",-7.1861692999999995,-39.7374262,0,1,0,17700
2020-04-16,2313252,TARRAFAS,"-6.6819901,-39.7575709",-6.6819901,-39.7575709,0,3,0,8592
2020-04-16,2314003,VARZEA ALEGRE,"-6.7936089,-39.2989333",-6.793608900000001,-39.2989333,3,5,0,40721
2020-04-17,2300101,ABAIARA,"-7.3607808,-39.0487878",-7.360780800000001,-39.0487878,0,1,0,11737
2020-04-17,2300606,ALTANEIRA,"-6.9980933,-39.7385742",-6.998093300000001,-39.7385742,0,1,0,7586
2020-04-17,2301307,ARARIPE,"-7.212861,-40.1359222",-7.212861,-40.1359222,1,3,0,21600
2020-04-17,2301604,ASSARE,"-6.8746791,-39.8741385",-6.8746791,-39.8741385,0,2,0,23417
2020-04-17,2301703,AURORA,"-6.9426019,-38.9693765",-6.9426019,-38.9693765,0,2,0,24654
2020-04-17,2301901,BARBALHA,"-7.3121067,-39.3036427",-7.312106699999999,-39.303642700000005,2,40,0,59732
2020-04-17,2302503,BREJO SANTO,"-7.4909841,-38.9859152",-7.4909841,-38.9859152,0,4,0,49477
2020-04-17,2302701,CAMPOS SALES,"-7.0742675,-40.3740367",-7.0742675,-40.374036700000005,0,7,0,27426
2020-04-17,2303204,CARIRIACU,"-7.0417053,-39.2835527",-7.0417053,-39.2835527,0,3,0,26965
2020-04-17,2304202,CRATO,"-7.2369112,-39.4149236",-7.236911200000001,-39.4149236,4,44,0,132123
2020-04-17,2304301,FARIAS BRITO,"-6.9272823,-39.5714222",-6.927282300000001,-39.5714222,1,1,1,19450
2020-04-17,2304806,GRANJEIRO,"-6.8889524,-39.2179315",-6.888952400000001,-39.2179315,0,1,0,4844
2020-04-17,2307106,JARDIM,"-7.5838966,-39.279713",-7.5838966,-39.279713,1,3,0,27174
2020-04-17,2307304,JUAZEIRO DO NORTE,"-7.2153453,-39.3153336",-7.215345299999999,-39.3153336,9,50,0,274207
2020-04-17,2307502,LAVRAS DA MANGABEIRA,"-6.7519554,-38.9634019",-6.7519554,-38.963401899999994,1,1,0,31508
2020-04-17,2308104,MAURITI,"-7.3870095,-38.7737751",-7.3870095000000005,-38.7737751,2,7,0,47962
2020-04-17,2308302,MILAGRES,"-7.3106846,-38.9447146",-7.310684599999999,-38.9447146,1,2,0,27512
2020-04-17,2308401,MISSAO VELHA,"-7.248491,-39.1434843",-7.2484910000000005,-39.1434843,0,6,0,36442
2020-04-17,2309201,NOVA OLINDA,"-7.0934174,-39.6789815",-7.0934174,-39.6789815,0,2,0,15565
2020-04-17,2311108,PORTEIRAS,"-7.5341572,-39.1153149",-7.5341572,-39.115314899999994,2,0,0,14996
2020-04-17,2311207,POTENGI,"-7.0915205,-40.0268241",-7.091520500000001,-40.026824100000006,0,2,0,11045
2020-04-17,2311959,SALITRE,"-7.285445,-40.457306",-7.285444999999999,-40.457306,1,2,1,16554
2020-04-17,2312106,SANTANA DO CARIRI,"-7.1861693,-39.7374262",-7.1861692999999995,-39.7374262,0,2,0,17700
2020-04-17,2313252,TARRAFAS,"-6.6819901,-39.7575709",-6.6819901,-39.7575709,0,3,0,8592
2020-04-17,2314003,VARZEA ALEGRE,"-6.7936089,-39.2989333",-6.793608900000001,-39.2989333,3,5,0,40721
2020-04-18,2300101,ABAIARA,"-7.3607808,-39.0487878",-7.360780800000001,-39.0487878,0,2,0,11737
2020-04-18,2300606,ALTANEIRA,"-6.9980933,-39.7385742",-6.998093300000001,-39.7385742,0,1,0,7586
2020-04-18,2301307,ARARIPE,"-7.212861,-40.1359222",-7.212861,-40.1359222,1,3,0,21600
2020-04-18,2301604,ASSARE,"-6.8746791,-39.8741385",-6.8746791,-39.8741385,0,2,0,23417
2020-04-18,2301703,AURORA,"-6.9426019,-38.9693765",-6.9426019,-38.9693765,0,2,0,24654
2020-04-18,2301901,BARBALHA,"-7.3121067,-39.3036427",-7.312106699999999,-39.303642700000005,2,40,0,59732
2020-04-18,2302503,BREJO SANTO,"-7.4909841,-38.9859152",-7.4909841,-38.9859152,0,4,0,49477
2020-04-18,2302701,CAMPOS SALES,"-7.0742675,-40.3740367",-7.0742675,-40.374036700000005,0,7,0,27426
2020-04-18,2303204,CARIRIACU,"-7.0417053,-39.2835527",-7.0417053,-39.2835527,0,3,0,26965
2020-04-18,2304202,CRATO,"-7.2369112,-39.4149236",-7.236911200000001,-39.4149236,4,44,0,132123
2020-04-18,2304301,FARIAS BRITO,"-6.9272823,-39.5714222",-6.927282300000001,-39.5714222,1,1,1,19450
2020-04-18,2304806,GRANJEIRO,"-6.8889524,-39.2179315",-6.888952400000001,-39.2179315,0,1,0,4844
2020-04-18,2307106,JARDIM,"-7.5838966,-39.279713",-7.5838966,-39.279713,1,3,0,27174
2020-04-18,2307304,JUAZEIRO DO NORTE,"-7.2153453,-39.3153336",-7.215345299999999,-39.3153336,9,51,0,274207
2020-04-18,2307502,LAVRAS DA MANGABEIRA,"-6.7519554,-38.9634019",-6.7519554,-38.963401899999994,1,2,0,31508
2020-04-18,2308104,MAURITI,"-7.3870095,-38.7737751",-7.3870095000000005,-38.7737751,2,8,0,47962
2020-04-18,2308302,MILAGRES,"-7.3106846,-38.9447146",-7.310684599999999,-38.9447146,1,2,0,27512
2020-04-18,2308401,MISSAO VELHA,"-7.248491,-39.1434843",-7.2484910000000005,-39.1434843,0,6,0,36442
2020-04-18,2309201,NOVA OLINDA,"-7.0934174,-39.6789815",-7.0934174,-39.6789815,0,3,0,15565
2020-04-18,2311108,PORTEIRAS,"-7.5341572,-39.1153149",-7.5341572,-39.115314899999994,2,0,0,14996
2020-04-18,2311207,POTENGI,"-7.0915205,-40.0268241",-7.091520500000001,-40.026824100000006,0,2,0,11045
2020-04-18,2311959,SALITRE,"-7.285445,-40.457306",-7.285444999999999,-40.457306,1,2,1,16554
2020-04-18,2312106,SANTANA DO CARIRI,"-7.1861693,-39.7374262",-7.1861692999999995,-39.7374262,0,2,0,17700
2020-04-18,2313252,TARRAFAS,"-6.6819901,-39.7575709",-6.6819901,-39.7575709,0,3,0,8592
2020-04-18,2314003,VARZEA ALEGRE,"-6.7936089,-39.2989333",-6.793608900000001,-39.2989333,3,5,0,40721
2020-04-19,2300101,ABAIARA,"-7.3607808,-39.0487878",-7.360780800000001,-39.0487878,0,2,0,11737
2020-04-19,2300606,ALTANEIRA,"-6.9980933,-39.7385742",-6.998093300000001,-39.7385742,0,1,0,7586
2020-04-19,2301307,ARARIPE,"-7.212861,-40.1359222",-7.212861,-40.1359222,1,3,0,21600
2020-04-19,2301604,ASSARE,"-6.8746791,-39.8741385",-6.8746791,-39.8741385,0,2,0,23417
2020-04-19,2301703,AURORA,"-6.9426019,-38.9693765",-6.9426019,-38.9693765,0,2,0,24654
2020-04-19,2301901,BARBALHA,"-7.3121067,-39.3036427",-7.312106699999999,-39.303642700000005,2,40,0,59732
2020-04-19,2302503,BREJO SANTO,"-7.4909841,-38.9859152",-7.4909841,-38.9859152,0,10,0,49477
2020-04-19,2302701,CAMPOS SALES,"-7.0742675,-40.3740367",-7.0742675,-40.374036700000005,0,7,0,27426
2020-04-19,2303204,CARIRIACU,"-7.0417053,-39.2835527",-7.0417053,-39.2835527,0,3,0,26965
2020-04-19,2304202,CRATO,"-7.2369112,-39.4149236",-7.236911200000001,-39.4149236,4,46,0,132123
2020-04-19,2304301,FARIAS BRITO,"-6.9272823,-39.5714222",-6.927282300000001,-39.5714222,1,2,1,19450
2020-04-19,2304806,GRANJEIRO,"-6.8889524,-39.2179315",-6.888952400000001,-39.2179315,0,1,0,4844
2020-04-19,2307106,JARDIM,"-7.5838966,-39.279713",-7.5838966,-39.279713,1,3,0,27174
2020-04-19,2307304,JUAZEIRO DO NORTE,"-7.2153453,-39.3153336",-7.215345299999999,-39.3153336,9,52,0,274207
2020-04-19,2307502,LAVRAS DA MANGABEIRA,"-6.7519554,-38.9634019",-6.7519554,-38.963401899999994,1,3,0,31508
2020-04-19,2308104,MAURITI,"-7.3870095,-38.7737751",-7.3870095000000005,-38.7737751,2,8,0,47962
2020-04-19,2308302,MILAGRES,"-7.3106846,-38.9447146",-7.310684599999999,-38.9447146,1,2,0,27512
2020-04-19,2308401,MISSAO VELHA,"-7.248491,-39.1434843",-7.2484910000000005,-39.1434843,0,6,0,36442
2020-04-19,2309201,NOVA OLINDA,"-7.0934174,-39.6789815",-7.0934174,-39.6789815,0,3,0,15565
2020-04-19,2311108,PORTEIRAS,"-7.5341572,-39.1153149",-7.5341572,-39.115314899999994,2,0,0,14996
2020-04-19,2311207,POTENGI,"-7.0915205,-40.0268241",-7.091520500000001,-40.026824100000006,0,2,0,11045
2020-04-19,2311959,SALITRE,"-7.285445,-40.457306",-7.285444999999999,-40.457306,1,2,1,16554
2020-04-19,2312106,SANTANA DO CARIRI,"-7.1861693,-39.7374262",-7.1861692999999995,-39.7374262,0,2,0,17700
2020-04-19,2313252,TARRAFAS,"-6.6819901,-39.7575709",-6.6819901,-39.7575709,0,3,0,8592
2020-04-19,2314003,VARZEA ALEGRE,"-6.7936089,-39.2989333",-6.793608900000001,-39.2989333,3,6,0,40721
2020-04-20,2300101,ABAIARA,"-7.3607808,-39.0487878",-7.360780800000001,-39.0487878,0,2,0,11737
2020-04-20,2300606,ALTANEIRA,"-6.9980933,-39.7385742",-6.998093300000001,-39.7385742,0,1,0,7586
2020-04-20,2301307,ARARIPE,"-7.212861,-40.1359222",-7.212861,-40.1359222,1,3,0,21600
2020-04-20,2301604,ASSARE,"-6.8746791,-39.8741385",-6.8746791,-39.8741385,0,3,0,23417
2020-04-20,2301703,AURORA,"-6.9426019,-38.9693765",-6.9426019,-38.9693765,0,2,0,24654
2020-04-20,2301901,BARBALHA,"-7.3121067,-39.3036427",-7.312106699999999,-39.303642700000005,2,41,0,59732
2020-04-20,2302503,BREJO SANTO,"-7.4909841,-38.9859152",-7.4909841,-38.9859152,0,11,0,49477
2020-04-20,2302701,CAMPOS SALES,"-7.0742675,-40.3740367",-7.0742675,-40.374036700000005,0,8,0,27426
2020-04-20,2303204,CARIRIACU,"-7.0417053,-39.2835527",-7.0417053,-39.2835527,0,3,0,26965
2020-04-20,2304202,CRATO,"-7.2369112,-39.4149236",-7.236911200000001,-39.4149236,4,51,0,132123
2020-04-20,2304301,FARIAS BRITO,"-6.9272823,-39.5714222",-6.927282300000001,-39.5714222,1,2,1,19450
2020-04-20,2304806,GRANJEIRO,"-6.8889524,-39.2179315",-6.888952400000001,-39.2179315,0,1,0,4844
2020-04-20,2307106,JARDIM,"-7.5838966,-39.279713",-7.5838966,-39.279713,1,3,0,27174
2020-04-20,2307304,JUAZEIRO DO NORTE,"-7.2153453,-39.3153336",-7.215345299999999,-39.3153336,9,53,0,274207
2020-04-20,2307502,LAVRAS DA MANGABEIRA,"-6.7519554,-38.9634019",-6.7519554,-38.963401899999994,1,3,0,31508
2020-04-20,2308104,MAURITI,"-7.3870095,-38.7737751",-7.3870095000000005,-38.7737751,2,9,0,47962
2020-04-20,2308302,MILAGRES,"-7.3106846,-38.9447146",-7.310684599999999,-38.9447146,1,3,0,27512
2020-04-20,2308401,MISSAO VELHA,"-7.248491,-39.1434843",-7.2484910000000005,-39.1434843,0,7,0,36442
2020-04-20,2309201,NOVA OLINDA,"-7.0934174,-39.6789815",-7.0934174,-39.6789815,0,3,0,15565
2020-04-20,2310605,PENAFORTE,"-7.8288372,-39.0751908",-7.828837200000001,-39.0751908,0,1,0,9077
2020-04-20,2311108,PORTEIRAS,"-7.5341572,-39.1153149",-7.5341572,-39.115314899999994,2,0,0,14996
2020-04-20,2311207,POTENGI,"-7.0915205,-40.0268241",-7.091520500000001,-40.026824100000006,0,2,0,11045
2020-04-20,2311959,SALITRE,"-7.285445,-40.457306",-7.285444999999999,-40.457306,1,2,1,16554
2020-04-20,2312106,SANTANA DO CARIRI,"-7.1861693,-39.7374262",-7.1861692999999995,-39.7374262,0,2,0,17700
2020-04-20,2313252,TARRAFAS,"-6.6819901,-39.7575709",-6.6819901,-39.7575709,0,3,0,8592
2020-04-20,2314003,VARZEA ALEGRE,"-6.7936089,-39.2989333",-6.793608900000001,-39.2989333,3,6,0,40721
2020-04-21,2300101,ABAIARA,"-7.3607808,-39.0487878",-7.360780800000001,-39.0487878,0,3,0,11737
2020-04-21,2300606,ALTANEIRA,"-6.9980933,-39.7385742",-6.998093300000001,-39.7385742,0,1,0,7586
2020-04-21,2301307,ARARIPE,"-7.212861,-40.1359222",-7.212861,-40.1359222,1,3,0,21600
2020-04-21,2301604,ASSARE,"-6.8746791,-39.8741385",-6.8746791,-39.8741385,0,3,0,23417
2020-04-21,2301703,AURORA,"-6.9426019,-38.9693765",-6.9426019,-38.9693765,0,2,0,24654
2020-04-21,2301901,BARBALHA,"-7.3121067,-39.3036427",-7.312106699999999,-39.303642700000005,2,42,0,59732
2020-04-21,2302503,BREJO SANTO,"-7.4909841,-38.9859152",-7.4909841,-38.9859152,0,11,0,49477
2020-04-21,2302701,CAMPOS SALES,"-7.0742675,-40.3740367",-7.0742675,-40.374036700000005,0,8,0,27426
2020-04-21,2303204,CARIRIACU,"-7.0417053,-39.2835527",-7.0417053,-39.2835527,0,3,0,26965
2020-04-21,2304202,CRATO,"-7.2369112,-39.4149236",-7.236911200000001,-39.4149236,4,51,0,132123
2020-04-21,2304301,FARIAS BRITO,"-6.9272823,-39.5714222",-6.927282300000001,-39.5714222,1,3,1,19450
2020-04-21,2304806,GRANJEIRO,"-6.8889524,-39.2179315",-6.888952400000001,-39.2179315,0,1,0,4844
2020-04-21,2307106,JARDIM,"-7.5838966,-39.279713",-7.5838966,-39.279713,1,3,0,27174
2020-04-21,2307304,JUAZEIRO DO NORTE,"-7.2153453,-39.3153336",-7.215345299999999,-39.3153336,9,55,0,274207
2020-04-21,2307502,LAVRAS DA MANGABEIRA,"-6.7519554,-38.9634019",-6.7519554,-38.963401899999994,1,4,0,31508
2020-04-21,2308104,MAURITI,"-7.3870095,-38.7737751",-7.3870095000000005,-38.7737751,2,9,0,47962
2020-04-21,2308302,MILAGRES,"-7.3106846,-38.9447146",-7.310684599999999,-38.9447146,1,3,0,27512
2020-04-21,2308401,MISSAO VELHA,"-7.248491,-39.1434843",-7.2484910000000005,-39.1434843,0,7,0,36442
2020-04-21,2309201,NOVA OLINDA,"-7.0934174,-39.6789815",-7.0934174,-39.6789815,0,3,0,15565
2020-04-21,2310605,PENAFORTE,"-7.8288372,-39.0751908",-7.828837200000001,-39.0751908,0,1,0,9077
2020-04-21,2311108,PORTEIRAS,"-7.5341572,-39.1153149",-7.5341572,-39.115314899999994,2,0,0,14996
2020-04-21,2311207,POTENGI,"-7.0915205,-40.0268241",-7.091520500000001,-40.026824100000006,0,2,0,11045
2020-04-21,2311959,SALITRE,"-7.285445,-40.457306",-7.285444999999999,-40.457306,1,2,1,16554
2020-04-21,2312106,SANTANA DO CARIRI,"-7.1861693,-39.7374262",-7.1861692999999995,-39.7374262,0,2,0,17700
2020-04-21,2313252,TARRAFAS,"-6.6819901,-39.7575709",-6.6819901,-39.7575709,0,3,0,8592
2020-04-21,2314003,VARZEA ALEGRE,"-6.7936089,-39.2989333",-6.793608900000001,-39.2989333,3,6,0,40721
2020-04-22,2300101,ABAIARA,"-7.3607808,-39.0487878",-7.360780800000001,-39.0487878,0,3,0,11737
2020-04-22,2300606,ALTANEIRA,"-6.9980933,-39.7385742",-6.998093300000001,-39.7385742,0,1,0,7586
2020-04-22,2301307,ARARIPE,"-7.212861,-40.1359222",-7.212861,-40.1359222,1,3,0,21600
2020-04-22,2301604,ASSARE,"-6.8746791,-39.8741385",-6.8746791,-39.8741385,0,3,0,23417
2020-04-22,2301703,AURORA,"-6.9426019,-38.9693765",-6.9426019,-38.9693765,0,2,0,24654
2020-04-22,2301901,BARBALHA,"-7.3121067,-39.3036427",-7.312106699999999,-39.303642700000005,2,42,0,59732
2020-04-22,2302503,BREJO SANTO,"-7.4909841,-38.9859152",-7.4909841,-38.9859152,0,11,0,49477
2020-04-22,2302701,CAMPOS SALES,"-7.0742675,-40.3740367",-7.0742675,-40.374036700000005,0,8,0,27426
2020-04-22,2303204,CARIRIACU,"-7.0417053,-39.2835527",-7.0417053,-39.2835527,0,3,0,26965
2020-04-22,2304202,CRATO,"-7.2369112,-39.4149236",-7.236911200000001,-39.4149236,4,51,0,132123
2020-04-22,2304301,FARIAS BRITO,"-6.9272823,-39.5714222",-6.927282300000001,-39.5714222,1,3,1,19450
2020-04-22,2304806,GRANJEIRO,"-6.8889524,-39.2179315",-6.888952400000001,-39.2179315,0,1,0,4844
2020-04-22,2307106,JARDIM,"-7.5838966,-39.279713",-7.5838966,-39.279713,1,3,0,27174
2020-04-22,2307304,JUAZEIRO DO NORTE,"-7.2153453,-39.3153336",-7.215345299999999,-39.3153336,9,55,0,274207
2020-04-22,2307502,LAVRAS DA MANGABEIRA,"-6.7519554,-38.9634019",-6.7519554,-38.963401899999994,1,4,0,31508
2020-04-22,2308104,MAURITI,"-7.3870095,-38.7737751",-7.3870095000000005,-38.7737751,2,9,0,47962
2020-04-22,2308302,MILAGRES,"-7.3106846,-38.9447146",-7.310684599999999,-38.9447146,1,3,0,27512
2020-04-22,2308401,MISSAO VELHA,"-7.248491,-39.1434843",-7.2484910000000005,-39.1434843,0,7,0,36442
2020-04-22,2309201,NOVA OLINDA,"-7.0934174,-39.6789815",-7.0934174,-39.6789815,0,3,0,15565
2020-04-22,2310605,PENAFORTE,"-7.8288372,-39.0751908",-7.828837200000001,-39.0751908,0,1,0,9077
2020-04-22,2311108,PORTEIRAS,"-7.5341572,-39.1153149",-7.5341572,-39.115314899999994,2,0,0,14996
2020-04-22,2311207,POTENGI,"-7.0915205,-40.0268241",-7.091520500000001,-40.026824100000006,0,2,0,11045
2020-04-22,2311959,SALITRE,"-7.285445,-40.457306",-7.285444999999999,-40.457306,1,2,1,16554
2020-04-22,2312106,SANTANA DO CARIRI,"-7.1861693,-39.7374262",-7.1861692999999995,-39.7374262,0,2,0,17700
2020-04-22,2313252,TARRAFAS,"-6.6819901,-39.7575709",-6.6819901,-39.7575709,0,3,0,8592
2020-04-22,2314003,VARZEA ALEGRE,"-6.7936089,-39.2989333",-6.793608900000001,-39.2989333,3,6,0,40721
2020-04-23,2300101,ABAIARA,"-7.3607808,-39.0487878",-7.360780800000001,-39.0487878,0,3,0,11737
2020-04-23,2300606,ALTANEIRA,"-6.9980933,-39.7385742",-6.998093300000001,-39.7385742,0,1,0,7586
2020-04-23,2300804,ANTONINA DO NORTE,"-6.7754187,-39.9879345",-6.7754187,-39.987934499999994,0,0,0,7353
2020-04-23,2301307,ARARIPE,"-7.212861,-40.1359222",-7.212861,-40.1359222,1,3,0,21600
2020-04-23,2301604,ASSARE,"-6.8746791,-39.8741385",-6.8746791,-39.8741385,0,3,0,23417
2020-04-23,2301703,AURORA,"-6.9426019,-38.9693765",-6.9426019,-38.9693765,0,2,0,24654
2020-04-23,2301901,BARBALHA,"-7.3121067,-39.3036427",-7.312106699999999,-39.303642700000005,2,42,0,59732
2020-04-23,2302008,BARRO,"-7.1713587,-38.7742136",-7.1713587,-38.7742136,0,0,0,22680
2020-04-23,2302503,BREJO SANTO,"-7.4909841,-38.9859152",-7.4909841,-38.9859152,0,11,0,49477
2020-04-23,2302701,CAMPOS SALES,"-7.0742675,-40.3740367",-7.0742675,-40.374036700000005,0,8,0,27426
2020-04-23,2303204,CARIRIACU,"-7.0417053,-39.2835527",-7.0417053,-39.2835527,0,3,0,26965
2020-04-23,2304202,CRATO,"-7.2369112,-39.4149236",-7.236911200000001,-39.4149236,4,51,0,132123
2020-04-23,2304301,FARIAS BRITO,"-6.9272823,-39.5714222",-6.927282300000001,-39.5714222,1,3,1,19450
2020-04-23,2304806,GRANJEIRO,"-6.8889524,-39.2179315",-6.888952400000001,-39.2179315,0,1,0,4844
2020-04-23,2307106,JARDIM,"-7.5838966,-39.279713",-7.5838966,-39.279713,1,3,0,27174
2020-04-23,2307205,JATI,"-7.6894344,-39.006074",-7.6894344,-39.006074,0,0,0,8111
2020-04-23,2307304,JUAZEIRO DO NORTE,"-7.2153453,-39.3153336",-7.215345299999999,-39.3153336,9,55,0,274207
2020-04-23,2307502,LAVRAS DA MANGABEIRA,"-6.7519554,-38.9634019",-6.7519554,-38.963401899999994,1,4,0,31508
2020-04-23,2308104,MAURITI,"-7.3870095,-38.7737751",-7.3870095000000005,-38.7737751,2,9,0,47962
2020-04-23,2308302,MILAGRES,"-7.3106846,-38.9447146",-7.310684599999999,-38.9447146,1,3,0,27512
2020-04-23,2308401,MISSAO VELHA,"-7.248491,-39.1434843",-7.2484910000000005,-39.1434843,0,7,0,36442
2020-04-23,2309201,NOVA OLINDA,"-7.0934174,-39.6789815",-7.0934174,-39.6789815,0,3,0,15565
2020-04-23,2310605,PENAFORTE,"-7.8288372,-39.0751908",-7.828837200000001,-39.0751908,0,1,0,9077
2020-04-23,2311108,PORTEIRAS,"-7.5341572,-39.1153149",-7.5341572,-39.115314899999994,2,0,0,14996
2020-04-23,2311207,POTENGI,"-7.0915205,-40.0268241",-7.091520500000001,-40.026824100000006,0,2,0,11045
2020-04-23,2311959,SALITRE,"-7.285445,-40.457306",-7.285444999999999,-40.457306,1,2,1,16554
2020-04-23,2312106,SANTANA DO CARIRI,"-7.1861693,-39.7374262",-7.1861692999999995,-39.7374262,0,2,0,17700
2020-04-23,2313252,TARRAFAS,"-6.6819901,-39.7575709",-6.6819901,-39.7575709,0,3,0,8592
2020-04-23,2314003,VARZEA ALEGRE,"-6.7936089,-39.2989333",-6.793608900000001,-39.2989333,3,6,0,40721
